ticker,day,success_oper_flag,time_out_flag,end_of_interval_flag,best_risk,best_risk_days,min_risk,min_risk_days,max_risk,max_risk_days
ABEV3,2013-01-02,1,0,0,0.0183,12,0.0127,11,0.0259,17
ABEV3,2013-01-03,1,0,0,0.0191,11,0.0088,10,0.0268,16
ABEV3,2013-01-04,1,0,0,0.0234,15,0.0181,13,0.0234,15
ABEV3,2013-01-07,1,0,0,0.0088,3,0.0008,2,0.0297,14
ABEV3,2013-01-08,1,0,0,0.0085,2,0.0016,2,0.0294,13
ABEV3,2013-01-09,1,0,0,0.018,7,0.0056,6,0.0256,12
ABEV3,2013-01-10,1,0,0,0.0217,11,0.0157,9,0.0217,11
ABEV3,2013-01-11,1,0,0,0.0149,5,0.0134,5,0.0225,10
ABEV3,2013-01-14,1,0,0,0.0158,4,0.011,3,0.0234,9
ABEV3,2013-01-15,1,0,0,0.0116,2,0.011,2,0.0234,8
ABEV3,2013-01-16,1,0,0,0.0216,34,0.004,29,0.0216,34
ABEV3,2013-01-17,1,0,0,0.0064,2,0.0015,2,0.013,6
ABEV3,2013-01-18,1,0,0,0.0096,5,0.0053,5,0.0096,5
ABEV3,2013-01-21,0,1,0,0.0,0,0.0,0,0.0,0
ABEV3,2013-01-22,1,0,0,0.0083,3,0.0083,3,0.0083,3
ABEV3,2013-01-23,1,0,0,0.007,2,0.0045,2,0.007,2
ABEV3,2013-01-24,0,0,0,0.0,0,0.0,0,0.0,0
ABEV3,2013-01-28,0,0,0,0.0,0,0.0,0,0.0,0
ABEV3,2013-01-29,0,1,0,0.0,0,0.0,0,0.0,0
ABEV3,2013-01-30,0,0,0,0.0,0,0.0,0,0.0,0
ABEV3,2013-01-31,0,0,0,0.0,0,0.0,0,0.0,0
ABEV3,2013-02-01,0,0,0,0.0,0,0.0,0,0.0,0
ABEV3,2013-02-04,0,0,0,0.0,0,0.0,0,0.0,0
ABEV3,2013-02-05,0,0,0,0.0,0,0.0,0,0.0,0
ABEV3,2013-02-06,0,0,0,0.0,0,0.0,0,0.0,0
ABEV3,2013-02-07,0,0,0,0.0,0,0.0,0,0.0,0
ABEV3,2013-02-08,0,1,0,0.0,0,0.0,0,0.0,0
ABEV3,2013-02-13,0,0,0,0.0,0,0.0,0,0.0,0
ABEV3,2013-02-14,0,0,0,0.0,0,0.0,0,0.0,0
ABEV3,2013-02-15,0,0,0,0.0,0,0.0,0,0.0,0
ABEV3,2013-02-18,1,0,0,0.0055,2,0.0045,2,0.0063,3
ABEV3,2013-02-19,1,0,0,0.005,2,0.0038,2,0.005,2
ABEV3,2013-02-20,0,0,0,0.0,0,0.0,0,0.0,0
ABEV3,2013-02-21,0,0,0,0.0,0,0.0,0,0.0,0
ABEV3,2013-02-22,0,0,0,0.0,0,0.0,0,0.0,0
ABEV3,2013-02-25,0,0,0,0.0,0,0.0,0,0.0,0
ABEV3,2013-02-26,0,1,0,0.0,0,0.0,0,0.0,0
ABEV3,2013-02-27,0,1,0,0.0,0,0.0,0,0.0,0
ABEV3,2013-02-28,1,0,0,0.01,2,0.0079,2,0.0194,6
ABEV3,2013-03-01,0,1,0,0.0,0,0.0,0,0.0,0
ABEV3,2013-03-04,1,0,0,0.011,4,0.0077,3,0.011,4
ABEV3,2013-03-05,1,0,0,0.01,2,0.0015,2,0.0129,3
ABEV3,2013-03-06,0,1,0,0.0,0,0.0,0,0.0,0
ABEV3,2013-03-07,0,0,0,0.0,0,0.0,0,0.0,0
ABEV3,2013-03-08,0,1,0,0.0,0,0.0,0,0.0,0
ABEV3,2013-03-11,0,0,0,0.0,0,0.0,0,0.0,0
ABEV3,2013-03-12,0,1,0,0.0,0,0.0,0,0.0,0
ABEV3,2013-03-13,0,1,0,0.0,0,0.0,0,0.0,0
ABEV3,2013-03-14,0,1,0,0.0,0,0.0,0,0.0,0
ABEV3,2013-03-15,0,1,0,0.0,0,0.0,0,0.0,0
ABEV3,2013-03-18,0,1,0,0.0,0,0.0,0,0.0,0
ABEV3,2013-03-19,0,1,0,0.0,0,0.0,0,0.0,0
ABEV3,2013-03-20,0,1,0,0.0,0,0.0,0,0.0,0
ABEV3,2013-03-21,0,1,0,0.0,0,0.0,0,0.0,0
ABEV3,2013-03-22,0,1,0,0.0,0,0.0,0,0.0,0
ABEV3,2013-03-25,0,1,0,0.0,0,0.0,0,0.0,0
ABEV3,2013-03-26,0,1,0,0.0,0,0.0,0,0.0,0
ABEV3,2013-03-27,0,1,0,0.0,0,0.0,0,0.0,0
ABEV3,2013-04-01,0,1,0,0.0,0,0.0,0,0.0,0
ABEV3,2013-04-02,0,1,0,0.0,0,0.0,0,0.0,0
ABEV3,2013-04-03,0,1,0,0.0,0,0.0,0,0.0,0
ABEV3,2013-04-04,0,1,0,0.0,0,0.0,0,0.0,0
ABEV3,2013-04-05,1,0,0,0.009,4,0.0067,4,0.009,4
ABEV3,2013-04-08,0,1,0,0.0,0,0.0,0,0.0,0
ABEV3,2013-04-09,0,1,0,0.0,0,0.0,0,0.0,0
ABEV3,2013-04-10,0,1,0,0.0,0,0.0,0,0.0,0
ABEV3,2013-04-11,0,1,0,0.0,0,0.0,0,0.0,0
ABEV3,2013-04-12,0,1,0,0.0,0,0.0,0,0.0,0
ABEV3,2013-04-15,1,0,0,0.0373,19,0.035,19,0.0373,19
ABEV3,2013-04-16,1,0,0,0.0402,18,0.0276,17,0.0465,73
ABEV3,2013-04-17,1,0,0,0.0061,2,0.0052,2,0.0485,72
ABEV3,2013-04-18,1,0,0,0.01,4,0.0009,2,0.0452,71
ABEV3,2013-04-19,1,0,0,0.0091,3,0.0017,2,0.038,15
ABEV3,2013-04-22,0,1,0,0.0,0,0.0,0,0.0,0
ABEV3,2013-04-23,0,1,0,0.0,0,0.0,0,0.0,0
ABEV3,2013-04-24,0,1,0,0.0,0,0.0,0,0.0,0
ABEV3,2013-04-25,1,0,0,0.0383,11,0.0326,11,0.0446,66
ABEV3,2013-04-29,1,0,0,0.022,3,0.0217,3,0.0488,65
ABEV3,2013-04-30,1,0,0,0.0279,2,0.0053,2,0.0552,64
ABEV3,2013-05-02,0,1,0,0.0,0,0.0,0,0.0,0
ABEV3,2013-05-03,1,0,0,0.0075,2,0.0058,2,0.026,7
ABEV3,2013-05-06,1,0,0,0.0204,6,0.009,5,0.0204,6
ABEV3,2013-05-07,1,0,0,0.0207,5,0.0073,3,0.0207,5
ABEV3,2013-05-08,1,0,0,0.0192,4,0.0114,4,0.0192,4
ABEV3,2013-05-09,0,1,0,0.0,0,0.0,0,0.0,0
ABEV3,2013-05-10,1,0,0,0.0142,2,0.0048,2,0.0142,2
ABEV3,2013-05-13,0,1,0,0.0,0,0.0,0,0.0,0
ABEV3,2013-05-14,0,1,0,0.0,0,0.0,0,0.0,0
ABEV3,2013-05-15,0,1,0,0.0,0,0.0,0,0.0,0
ABEV3,2013-05-16,0,1,0,0.0,0,0.0,0,0.0,0
ABEV3,2013-05-17,0,1,0,0.0,0,0.0,0,0.0,0
ABEV3,2013-05-20,0,1,0,0.0,0,0.0,0,0.0,0
ABEV3,2013-05-21,0,1,0,0.0,0,0.0,0,0.0,0
ABEV3,2013-05-22,0,1,0,0.0,0,0.0,0,0.0,0
ABEV3,2013-05-23,0,1,0,0.0,0,0.0,0,0.0,0
ABEV3,2013-05-24,0,1,0,0.0,0,0.0,0,0.0,0
ABEV3,2013-05-27,1,0,0,0.0069,2,0.004,2,0.0069,2
ABEV3,2013-05-28,0,1,0,0.0,0,0.0,0,0.0,0
ABEV3,2013-05-29,0,1,0,0.0,0,0.0,0,0.0,0
ABEV3,2013-05-31,0,1,0,0.0,0,0.0,0,0.0,0
ABEV3,2013-06-03,0,1,0,0.0,0,0.0,0,0.0,0
ABEV3,2013-06-04,0,1,0,0.0,0,0.0,0,0.0,0
ABEV3,2013-06-05,0,1,0,0.0,0,0.0,0,0.0,0
ABEV3,2013-06-06,0,1,0,0.0,0,0.0,0,0.0,0
ABEV3,2013-06-07,0,1,0,0.0,0,0.0,0,0.0,0
ABEV3,2013-06-10,1,0,0,0.0449,37,0.0429,37,0.0455,73
ABEV3,2013-06-11,1,0,0,0.0472,36,0.0371,35,0.0477,72
ABEV3,2013-06-12,1,0,0,0.0485,35,0.0338,34,0.0491,71
ABEV3,2013-06-13,1,0,0,0.012,2,0.0044,2,0.0555,70
ABEV3,2013-06-14,1,0,0,0.0334,12,0.0202,11,0.0544,69
ABEV3,2013-06-17,1,0,0,0.0488,32,0.0329,31,0.0494,68
ABEV3,2013-06-18,1,0,0,0.0459,31,0.0404,31,0.0464,67
ABEV3,2013-06-19,1,0,0,0.0465,30,0.0388,30,0.0471,66
ABEV3,2013-06-20,1,0,0,0.0305,7,0.0185,6,0.0551,65
ABEV3,2013-06-21,1,0,0,0.0318,6,0.015,5,0.0565,64
ABEV3,2013-06-24,1,0,0,0.0276,5,0.0262,5,0.0521,63
ABEV3,2013-06-25,1,0,0,0.0279,4,0.0253,4,0.0524,62
ABEV3,2013-06-26,1,0,0,0.0248,3,0.0087,2,0.0491,61
ABEV3,2013-06-27,0,1,0,0.0,0,0.0,0,0.0,0
ABEV3,2013-06-28,1,0,0,0.0348,23,0.0242,22,0.0353,59
ABEV3,2013-07-01,1,0,0,0.0348,22,0.0242,21,0.0353,58
ABEV3,2013-07-02,0,1,0,0.0,0,0.0,0,0.0,0
ABEV3,2013-07-03,1,0,0,0.0305,20,0.0206,19,0.0311,56
ABEV3,2013-07-04,1,0,0,0.0305,19,0.0206,18,0.0311,55
ABEV3,2013-07-05,1,0,0,0.0363,18,0.005,11,0.0369,54
ABEV3,2013-07-08,1,0,0,0.0278,17,0.0278,17,0.0284,53
ABEV3,2013-07-10,1,0,0,0.0299,16,0.0222,16,0.0305,52
ABEV3,2013-07-11,0,1,0,0.0,0,0.0,0,0.0,0
ABEV3,2013-07-12,0,1,0,0.0,0,0.0,0,0.0,0
ABEV3,2013-07-15,1,0,0,0.0316,90,0.031,90,0.0316,90
ABEV3,2013-07-16,0,1,0,0.0,0,0.0,0,0.0,0
ABEV3,2013-07-17,0,1,0,0.0,0,0.0,0,0.0,0
ABEV3,2013-07-18,1,0,0,0.0308,10,0.0198,9,0.0358,87
ABEV3,2013-07-19,1,0,0,0.0348,9,0.0092,3,0.0398,86
ABEV3,2013-07-22,1,0,0,0.0089,2,0.0025,2,0.0392,85
ABEV3,2013-07-23,1,0,0,0.0281,7,0.0139,6,0.0331,84
ABEV3,2013-07-24,1,0,0,0.0273,6,0.0164,5,0.0322,83
ABEV3,2013-07-25,1,0,0,0.0314,5,0.005,4,0.0364,82
ABEV3,2013-07-29,1,0,0,0.0278,4,0.0147,3,0.0328,81
ABEV3,2013-07-30,1,0,0,0.0192,2,0.0123,2,0.0337,80
ABEV3,2013-07-31,1,0,0,0.0246,2,0.0008,2,0.0246,2
ABEV3,2013-08-01,0,1,0,0.0,0,0.0,0,0.0,0
ABEV3,2013-08-02,0,1,0,0.0,0,0.0,0,0.0,0
ABEV3,2013-08-05,0,1,0,0.0,0,0.0,0,0.0,0
ABEV3,2013-08-06,0,1,0,0.0,0,0.0,0,0.0,0
ABEV3,2013-08-07,0,1,0,0.0,0,0.0,0,0.0,0
ABEV3,2013-08-08,0,1,0,0.0,0,0.0,0,0.0,0
ABEV3,2013-08-09,0,1,0,0.0,0,0.0,0,0.0,0
ABEV3,2013-08-12,0,1,0,0.0,0,0.0,0,0.0,0
ABEV3,2013-08-13,1,0,0,0.0084,2,0.0047,2,0.0129,5
ABEV3,2013-08-14,0,1,0,0.0,0,0.0,0,0.0,0
ABEV3,2013-08-15,1,0,0,0.0105,2,0.0055,2,0.0118,3
ABEV3,2013-08-16,1,0,0,0.007,2,0.0008,2,0.007,2
ABEV3,2013-08-19,0,1,0,0.0,0,0.0,0,0.0,0
ABEV3,2013-08-20,0,1,0,0.0,0,0.0,0,0.0,0
ABEV3,2013-08-21,0,1,0,0.0,0,0.0,0,0.0,0
ABEV3,2013-08-22,0,1,0,0.0,0,0.0,0,0.0,0
ABEV3,2013-08-23,0,1,0,0.0,0,0.0,0,0.0,0
ABEV3,2013-08-26,0,1,0,0.0,0,0.0,0,0.0,0
ABEV3,2013-08-27,1,0,0,0.0314,19,0.0149,12,0.0358,60
ABEV3,2013-08-28,1,0,0,0.0113,2,0.0108,2,0.037,59
ABEV3,2013-08-29,1,0,0,0.0206,10,0.0008,6,0.0398,58
ABEV3,2013-08-30,1,0,0,0.0206,9,0.0008,5,0.0398,57
ABEV3,2013-09-02,0,1,0,0.0,0,0.0,0,0.0,0
ABEV3,2013-09-03,0,1,0,0.0,0,0.0,0,0.0,0
ABEV3,2013-09-04,1,0,0,0.0162,6,0.0132,5,0.0352,54
ABEV3,2013-09-05,1,0,0,0.014,4,0.0091,4,0.0361,53
ABEV3,2013-09-06,1,0,0,0.0269,11,0.0139,7,0.0313,52
ABEV3,2013-09-09,1,0,0,0.0112,2,0.0074,2,0.0331,51
ABEV3,2013-09-10,1,0,0,0.0094,2,0.004,2,0.028,50
ABEV3,2013-09-11,1,0,0,0.0175,8,0.0143,8,0.0217,49
ABEV3,2013-09-12,1,0,0,0.0142,7,0.0134,7,0.0142,7
ABEV3,2013-09-13,1,0,0,0.0161,6,0.0047,3,0.0161,6
ABEV3,2013-09-16,1,0,0,0.0133,5,0.0094,4,0.0133,5
ABEV3,2013-09-17,1,0,0,0.0108,3,0.0071,3,0.0142,4
ABEV3,2013-09-18,0,1,0,0.0,0,0.0,0,0.0,0
ABEV3,2013-09-19,0,1,0,0.0,0,0.0,0,0.0,0
ABEV3,2013-09-20,0,1,0,0.0,0,0.0,0,0.0,0
ABEV3,2013-09-23,0,1,0,0.0,0,0.0,0,0.0,0
ABEV3,2013-09-24,0,1,0,0.0,0,0.0,0,0.0,0
ABEV3,2013-09-25,0,1,0,0.0,0,0.0,0,0.0,0
ABEV3,2013-09-26,1,0,0,0.0041,2,0.0008,2,0.0041,2
ABEV3,2013-09-27,0,1,0,0.0,0,0.0,0,0.0,0
ABEV3,2013-09-30,0,1,0,0.0,0,0.0,0,0.0,0
ABEV3,2013-10-01,0,1,0,0.0,0,0.0,0,0.0,0
ABEV3,2013-10-02,0,1,0,0.0,0,0.0,0,0.0,0
ABEV3,2013-10-03,0,1,0,0.0,0,0.0,0,0.0,0
ABEV3,2013-10-04,0,1,0,0.0,0,0.0,0,0.0,0
ABEV3,2013-10-07,0,1,0,0.0,0,0.0,0,0.0,0
ABEV3,2013-10-08,0,1,0,0.0,0,0.0,0,0.0,0
ABEV3,2013-10-09,1,0,0,0.009,4,0.0071,4,0.0151,10
ABEV3,2013-10-10,1,0,0,0.0134,9,0.0103,8,0.0134,9
ABEV3,2013-10-11,1,0,0,0.0121,8,0.0094,8,0.0121,8
ABEV3,2013-10-14,1,0,0,0.0087,2,0.0032,2,0.0126,7
ABEV3,2013-10-15,0,1,0,0.0,0,0.0,0,0.0,0
ABEV3,2013-10-16,0,1,0,0.0,0,0.0,0,0.0,0
ABEV3,2013-10-17,1,0,0,0.0068,2,0.0024,2,0.0107,4
ABEV3,2013-10-18,1,0,0,0.0072,3,0.0039,3,0.0072,3
ABEV3,2013-10-21,0,1,0,0.0,0,0.0,0,0.0,0
ABEV3,2013-10-22,0,1,0,0.0,0,0.0,0,0.0,0
ABEV3,2013-10-23,0,1,0,0.0,0,0.0,0,0.0,0
ABEV3,2013-10-24,0,1,0,0.0,0,0.0,0,0.0,0
ABEV3,2013-10-25,0,1,0,0.0,0,0.0,0,0.0,0
ABEV3,2013-10-28,0,1,0,0.0,0,0.0,0,0.0,0
ABEV3,2013-10-29,0,1,0,0.0,0,0.0,0,0.0,0
ABEV3,2013-10-30,0,1,0,0.0,0,0.0,0,0.0,0
ABEV3,2013-10-31,0,1,0,0.0,0,0.0,0,0.0,0
ABEV3,2013-11-01,1,0,0,0.022,12,0.0207,12,0.022,12
ABEV3,2013-11-04,0,1,0,0.0,0,0.0,0,0.0,0
ABEV3,2013-11-05,0,1,0,0.0,0,0.0,0,0.0,0
ABEV3,2013-11-06,1,0,0,0.0193,36,0.0193,36,0.0206,40
ABEV3,2013-11-07,1,0,0,0.0158,2,0.0024,2,0.0206,8
ABEV3,2013-11-08,1,0,0,0.0149,6,0.0125,6,0.0164,7
ABEV3,2013-11-11,1,0,0,0.0149,5,0.0125,5,0.0164,6
ABEV3,2013-11-12,0,1,0,0.0,0,0.0,0,0.0,0
ABEV3,2013-11-13,0,1,0,0.0,0,0.0,0,0.0,0
ABEV3,2013-11-14,0,1,0,0.0,0,0.0,0,0.0,0
ABEV3,2013-11-18,0,1,0,0.0,0,0.0,0,0.0,0
ABEV3,2013-11-19,0,1,0,0.0,0,0.0,0,0.0,0
ABEV3,2013-11-21,1,0,0,0.0069,2,0.0054,2,0.0069,2
ABEV3,2013-11-22,0,1,0,0.0,0,0.0,0,0.0,0
ABEV3,2013-11-25,0,1,0,0.0,0,0.0,0,0.0,0
ABEV3,2013-11-26,1,0,0,0.0087,2,0.0023,2,0.0095,5
ABEV3,2013-11-27,0,1,0,0.0,0,0.0,0,0.0,0
ABEV3,2013-11-28,0,1,0,0.0,0,0.0,0,0.0,0
ABEV3,2013-11-29,1,0,0,0.0053,2,0.0053,2,0.0053,2
ABEV3,2013-12-02,0,1,0,0.0,0,0.0,0,0.0,0
ABEV3,2013-12-03,0,1,0,0.0,0,0.0,0,0.0,0
ABEV3,2013-12-04,0,1,0,0.0,0,0.0,0,0.0,0
ABEV3,2013-12-05,0,1,0,0.0,0,0.0,0,0.0,0
ABEV3,2013-12-06,0,1,0,0.0,0,0.0,0,0.0,0
ABEV3,2013-12-09,0,1,0,0.0,0,0.0,0,0.0,0
ABEV3,2013-12-10,0,1,0,0.0,0,0.0,0,0.0,0
ABEV3,2013-12-11,0,1,0,0.0,0,0.0,0,0.0,0
ABEV3,2013-12-12,0,1,0,0.0,0,0.0,0,0.0,0
ABEV3,2013-12-13,0,1,0,0.0,0,0.0,0,0.0,0
ABEV3,2013-12-16,1,0,0,0.013,3,0.0105,3,0.0238,14
ABEV3,2013-12-17,1,0,0,0.0168,8,0.0168,8,0.0203,13
ABEV3,2013-12-18,1,0,0,0.0091,2,0.0024,2,0.0195,12
ABEV3,2013-12-19,0,1,0,0.0,0,0.0,0,0.0,0
ABEV3,2013-12-20,0,1,0,0.0,0,0.0,0,0.0,0
ABEV3,2013-12-23,1,0,0,0.0096,5,0.0055,4,0.0096,5
ABEV3,2013-12-26,1,0,0,0.0075,3,0.0039,2,0.0096,4
ABEV3,2013-12-27,1,0,0,0.0075,2,0.0039,2,0.0096,3
ABEV3,2013-12-30,0,1,0,0.0,0,0.0,0,0.0,0
ABEV3,2014-01-02,0,1,0,0.0,0,0.0,0,0.0,0
ABEV3,2014-01-03,0,1,0,0.0,0,0.0,0,0.0,0
ABEV3,2014-01-06,0,1,0,0.0,0,0.0,0,0.0,0
ABEV3,2014-01-07,1,0,0,0.0101,2,0.0062,2,0.0101,2
ABEV3,2014-01-08,0,1,0,0.0,0,0.0,0,0.0,0
ABEV3,2014-01-09,0,1,0,0.0,0,0.0,0,0.0,0
ABEV3,2014-01-10,0,1,0,0.0,0,0.0,0,0.0,0
ABEV3,2014-01-13,0,1,0,0.0,0,0.0,0,0.0,0
ABEV3,2014-01-14,1,0,0,0.0062,2,0.0039,2,0.0062,2
ABEV3,2014-01-15,0,1,0,0.0,0,0.0,0,0.0,0
ABEV3,2014-01-16,0,1,0,0.0,0,0.0,0,0.0,0
ABEV3,2014-01-17,0,1,0,0.0,0,0.0,0,0.0,0
ABEV3,2014-01-20,1,0,0,0.0105,3,0.0032,2,0.0105,3
ABEV3,2014-01-21,0,1,0,0.0,0,0.0,0,0.0,0
ABEV3,2014-01-22,0,1,0,0.0,0,0.0,0,0.0,0
ABEV3,2014-01-23,0,1,0,0.0,0,0.0,0,0.0,0
ABEV3,2014-01-24,0,1,0,0.0,0,0.0,0,0.0,0
ABEV3,2014-01-27,0,1,0,0.0,0,0.0,0,0.0,0
ABEV3,2014-01-28,0,1,0,0.0,0,0.0,0,0.0,0
ABEV3,2014-01-29,0,1,0,0.0,0,0.0,0,0.0,0
ABEV3,2014-01-30,0,1,0,0.0,0,0.0,0,0.0,0
ABEV3,2014-01-31,1,0,0,0.0456,54,0.0384,53,0.0456,54
ABEV3,2014-02-03,0,1,0,0.0,0,0.0,0,0.0,0
ABEV3,2014-02-04,1,0,0,0.0295,17,0.0287,17,0.0495,52
ABEV3,2014-02-05,1,0,0,0.0257,9,0.0254,9,0.0508,51
ABEV3,2014-02-06,1,0,0,0.0198,2,0.0068,2,0.0524,50
ABEV3,2014-02-07,1,0,0,0.0123,3,0.0098,3,0.0382,49
ABEV3,2014-02-10,1,0,0,0.0346,48,0.03,48,0.0346,48
ABEV3,2014-02-11,1,0,0,0.0346,47,0.03,47,0.0346,47
ABEV3,2014-02-12,0,1,0,0.0,0,0.0,0,0.0,0
ABEV3,2014-02-13,1,0,0,0.0178,7,0.0164,7,0.0397,45
ABEV3,2014-02-14,1,0,0,0.0316,44,0.0281,44,0.0316,44
ABEV3,2014-02-17,0,1,0,0.0,0,0.0,0,0.0,0
ABEV3,2014-02-18,0,1,0,0.0,0,0.0,0,0.0,0
ABEV3,2014-02-19,1,0,0,0.0159,2,0.0058,2,0.04,41
ABEV3,2014-02-20,1,0,0,0.0143,5,0.0137,5,0.0334,40
ABEV3,2014-02-21,1,0,0,0.0098,4,0.008,4,0.0287,39
ABEV3,2014-02-24,1,0,0,0.027,38,0.0183,34,0.027,38
ABEV3,2014-02-25,1,0,0,0.0107,2,0.0048,2,0.0296,37
ABEV3,2014-02-26,0,1,0,0.0,0,0.0,0,0.0,0
ABEV3,2014-02-27,0,1,0,0.0,0,0.0,0,0.0,0
ABEV3,2014-02-28,0,1,0,0.0,0,0.0,0,0.0,0
ABEV3,2014-03-05,0,1,0,0.0,0,0.0,0,0.0,0
ABEV3,2014-03-06,0,1,0,0.0,0,0.0,0,0.0,0
ABEV3,2014-03-07,0,1,0,0.0,0,0.0,0,0.0,0
ABEV3,2014-03-10,0,1,0,0.0,0,0.0,0,0.0,0
ABEV3,2014-03-11,0,1,0,0.0,0,0.0,0,0.0,0
ABEV3,2014-03-12,1,0,0,0.0264,28,0.0198,27,0.0264,28
ABEV3,2014-03-13,0,1,0,0.0,0,0.0,0,0.0,0
ABEV3,2014-03-14,1,0,0,0.0267,26,0.019,22,0.0267,26
ABEV3,2014-03-17,1,0,0,0.0141,5,0.0104,5,0.0299,25
ABEV3,2014-03-18,1,0,0,0.0153,12,0.0119,12,0.0256,24
ABEV3,2014-03-19,1,0,0,0.0108,3,0.0095,3,0.0264,23
ABEV3,2014-03-20,1,0,0,0.0092,2,0.0071,2,0.0247,22
ABEV3,2014-03-21,1,0,0,0.0095,5,0.0016,5,0.0258,21
ABEV3,2014-03-24,1,0,0,0.0084,5,0.0079,5,0.0236,20
ABEV3,2014-03-25,1,0,0,0.0208,19,0.0156,19,0.0208,19
ABEV3,2014-03-26,1,0,0,0.0125,7,0.0125,7,0.0219,18
ABEV3,2014-03-27,1,0,0,0.0089,2,0.0008,2,0.0241,17
ABEV3,2014-03-28,0,1,0,0.0,0,0.0,0,0.0,0
ABEV3,2014-03-31,0,1,0,0.0,0,0.0,0,0.0,0
ABEV3,2014-04-01,1,0,0,0.0099,2,0.0062,2,0.02,14
ABEV3,2014-04-02,0,1,0,0.0,0,0.0,0,0.0,0
ABEV3,2014-04-03,0,1,0,0.0,0,0.0,0,0.0,0
ABEV3,2014-04-04,0,1,0,0.0,0,0.0,0,0.0,0
ABEV3,2014-04-07,0,1,0,0.0,0,0.0,0,0.0,0
ABEV3,2014-04-08,0,1,0,0.0,0,0.0,0,0.0,0
ABEV3,2014-04-09,1,0,0,0.0122,3,0.0094,3,0.0214,8
ABEV3,2014-04-10,1,0,0,0.0122,2,0.0023,2,0.0214,7
ABEV3,2014-04-11,1,0,0,0.0116,2,0.007,2,0.0192,6
ABEV3,2014-04-14,0,1,0,0.0,0,0.0,0,0.0,0
ABEV3,2014-04-15,0,1,0,0.0,0,0.0,0,0.0,0
ABEV3,2014-04-16,1,0,0,0.0098,3,0.0083,3,0.0098,3
ABEV3,2014-04-17,0,1,0,0.0,0,0.0,0,0.0,0
ABEV3,2014-04-22,1,0,0,0.0086,2,0.0008,2,0.0086,2
ABEV3,2014-04-23,0,1,0,0.0,0,0.0,0,0.0,0
ABEV3,2014-04-24,0,1,0,0.0,0,0.0,0,0.0,0
ABEV3,2014-04-25,0,1,0,0.0,0,0.0,0,0.0,0
ABEV3,2014-04-28,0,1,0,0.0,0,0.0,0,0.0,0
ABEV3,2014-04-29,0,1,0,0.0,0,0.0,0,0.0,0
ABEV3,2014-04-30,0,1,0,0.0,0,0.0,0,0.0,0
ABEV3,2014-05-02,1,0,0,0.017,8,0.0154,8,0.017,8
ABEV3,2014-05-05,1,0,0,0.0125,2,0.0065,2,0.0187,7
ABEV3,2014-05-06,0,1,0,0.0,0,0.0,0,0.0,0
ABEV3,2014-05-07,0,1,0,0.0,0,0.0,0,0.0,0
ABEV3,2014-05-08,1,0,0,0.0145,4,0.0072,3,0.0145,4
ABEV3,2014-05-09,1,0,0,0.015,3,0.0056,2,0.015,3
ABEV3,2014-05-12,0,1,0,0.0,0,0.0,0,0.0,0
ABEV3,2014-05-13,0,1,0,0.0,0,0.0,0,0.0,0
ABEV3,2014-05-14,0,1,0,0.0,0,0.0,0,0.0,0
ABEV3,2014-05-15,0,1,0,0.0,0,0.0,0,0.0,0
ABEV3,2014-05-16,0,1,0,0.0,0,0.0,0,0.0,0
ABEV3,2014-05-19,0,1,0,0.0,0,0.0,0,0.0,0
ABEV3,2014-05-20,0,1,0,0.0,0,0.0,0,0.0,0
ABEV3,2014-05-21,1,0,0,0.0078,2,0.0056,2,0.0078,2
ABEV3,2014-05-22,0,1,0,0.0,0,0.0,0,0.0,0
ABEV3,2014-05-23,0,1,0,0.0,0,0.0,0,0.0,0
ABEV3,2014-05-26,0,1,0,0.0,0,0.0,0,0.0,0
ABEV3,2014-05-27,0,1,0,0.0,0,0.0,0,0.0,0
ABEV3,2014-05-28,0,1,0,0.0,0,0.0,0,0.0,0
ABEV3,2014-05-29,0,1,0,0.0,0,0.0,0,0.0,0
ABEV3,2014-05-30,0,1,0,0.0,0,0.0,0,0.0,0
ABEV3,2014-06-02,1,0,0,0.0104,2,0.0016,2,0.0121,8
ABEV3,2014-06-03,0,1,0,0.0,0,0.0,0,0.0,0
ABEV3,2014-06-04,0,1,0,0.0,0,0.0,0,0.0,0
ABEV3,2014-06-05,0,1,0,0.0,0,0.0,0,0.0,0
ABEV3,2014-06-06,0,1,0,0.0,0,0.0,0,0.0,0
ABEV3,2014-06-09,0,1,0,0.0,0,0.0,0,0.0,0
ABEV3,2014-06-10,0,1,0,0.0,0,0.0,0,0.0,0
ABEV3,2014-06-11,0,1,0,0.0,0,0.0,0,0.0,0
ABEV3,2014-06-13,0,1,0,0.0,0,0.0,0,0.0,0
ABEV3,2014-06-16,0,1,0,0.0,0,0.0,0,0.0,0
ABEV3,2014-06-17,1,0,0,0.0256,23,0.0151,22,0.0256,23
ABEV3,2014-06-18,1,0,0,0.0081,2,0.0008,2,0.0313,77
ABEV3,2014-06-20,0,1,0,0.0,0,0.0,0,0.0,0
ABEV3,2014-06-23,0,1,0,0.0,0,0.0,0,0.0,0
ABEV3,2014-06-24,1,0,0,0.0134,8,0.0109,8,0.0259,19
ABEV3,2014-06-25,1,0,0,0.0148,7,0.0067,5,0.0319,73
ABEV3,2014-06-26,1,0,0,0.0143,6,0.0084,4,0.0313,72
ABEV3,2014-06-27,1,0,0,0.014,5,0.0092,5,0.031,71
ABEV3,2014-06-30,1,0,0,0.011,2,0.0017,2,0.0338,70
ABEV3,2014-07-01,1,0,0,0.0108,3,0.005,3,0.0233,14
ABEV3,2014-07-02,0,1,0,0.0,0,0.0,0,0.0,0
ABEV3,2014-07-03,1,0,0,0.0105,2,0.0017,2,0.0105,2
ABEV3,2014-07-04,0,1,0,0.0,0,0.0,0,0.0,0
ABEV3,2014-07-07,0,1,0,0.0,0,0.0,0,0.0,0
ABEV3,2014-07-08,0,1,0,0.0,0,0.0,0,0.0,0
ABEV3,2014-07-10,0,1,0,0.0,0,0.0,0,0.0,0
ABEV3,2014-07-11,1,0,0,0.0262,7,0.0101,5,0.0262,7
ABEV3,2014-07-14,0,1,0,0.0,0,0.0,0,0.0,0
ABEV3,2014-07-15,1,0,0,0.0215,4,0.0067,2,0.0313,60
ABEV3,2014-07-16,1,0,0,0.0186,3,0.0033,2,0.0238,4
ABEV3,2014-07-17,1,0,0,0.0134,2,0.0033,2,0.0186,3
ABEV3,2014-07-18,1,0,0,0.0121,2,0.0024,2,0.0121,2
ABEV3,2014-07-21,0,1,0,0.0,0,0.0,0,0.0,0
ABEV3,2014-07-22,0,1,0,0.0,0,0.0,0,0.0,0
ABEV3,2014-07-23,0,1,0,0.0,0,0.0,0,0.0,0
ABEV3,2014-07-24,1,0,0,0.0048,2,0.0024,2,0.0048,2
ABEV3,2014-07-25,0,1,0,0.0,0,0.0,0,0.0,0
ABEV3,2014-07-28,0,1,0,0.0,0,0.0,0,0.0,0
ABEV3,2014-07-29,1,0,0,0.0048,2,0.0048,2,0.0048,2
ABEV3,2014-07-30,0,1,0,0.0,0,0.0,0,0.0,0
ABEV3,2014-07-31,0,1,0,0.0,0,0.0,0,0.0,0
ABEV3,2014-08-01,0,1,0,0.0,0,0.0,0,0.0,0
ABEV3,2014-08-04,0,1,0,0.0,0,0.0,0,0.0,0
ABEV3,2014-08-05,1,0,0,0.0446,79,0.0424,79,0.0446,79
ABEV3,2014-08-06,1,0,0,0.022,10,0.022,10,0.0513,78
ABEV3,2014-08-07,1,0,0,0.0081,3,0.0067,3,0.0462,77
ABEV3,2014-08-08,1,0,0,0.0098,2,0.0017,2,0.0481,76
ABEV3,2014-08-11,0,1,0,0.0,0,0.0,0,0.0,0
ABEV3,2014-08-12,1,0,0,0.0217,11,0.0214,11,0.0217,11
ABEV3,2014-08-13,0,1,0,0.0,0,0.0,0,0.0,0
ABEV3,2014-08-14,1,0,0,0.0164,4,0.0033,2,0.0452,72
ABEV3,2014-08-15,1,0,0,0.0134,4,0.0123,4,0.0208,8
ABEV3,2014-08-18,1,0,0,0.0076,2,0.0049,2,0.0168,7
ABEV3,2014-08-19,1,0,0,0.0107,5,0.0072,5,0.0126,6
ABEV3,2014-08-20,1,0,0,0.0099,4,0.008,4,0.0117,5
ABEV3,2014-08-21,0,1,0,0.0,0,0.0,0,0.0,0
ABEV3,2014-08-22,1,0,0,0.0099,2,0.0064,2,0.0117,3
ABEV3,2014-08-25,1,0,0,0.0082,2,0.0048,2,0.0082,2
ABEV3,2014-08-26,0,1,0,0.0,0,0.0,0,0.0,0
ABEV3,2014-08-27,0,1,0,0.0,0,0.0,0,0.0,0
ABEV3,2014-08-28,0,1,0,0.0,0,0.0,0,0.0,0
ABEV3,2014-08-29,0,1,0,0.0,0,0.0,0,0.0,0
ABEV3,2014-09-01,0,1,0,0.0,0,0.0,0,0.0,0
ABEV3,2014-09-02,0,1,0,0.0,0,0.0,0,0.0,0
ABEV3,2014-09-03,0,1,0,0.0,0,0.0,0,0.0,0
ABEV3,2014-09-04,0,1,0,0.0,0,0.0,0,0.0,0
ABEV3,2014-09-05,0,1,0,0.0,0,0.0,0,0.0,0
ABEV3,2014-09-08,0,1,0,0.0,0,0.0,0,0.0,0
ABEV3,2014-09-09,1,0,0,0.0111,3,0.0058,3,0.0607,89
ABEV3,2014-09-10,1,0,0,0.0119,2,0.0033,2,0.0617,88
ABEV3,2014-09-11,0,1,0,0.0,0,0.0,0,0.0,0
ABEV3,2014-09-12,1,0,0,0.0197,3,0.0108,3,0.0702,90
ABEV3,2014-09-15,1,0,0,0.0212,2,0.0008,2,0.0718,89
ABEV3,2014-09-16,0,1,0,0.0,0,0.0,0,0.0,0
ABEV3,2014-09-17,0,1,0,0.0,0,0.0,0,0.0,0
ABEV3,2014-09-18,1,0,0,0.0119,2,0.0098,2,0.0125,7
ABEV3,2014-09-19,1,0,0,0.0059,2,0.0048,2,0.0075,6
ABEV3,2014-09-22,1,0,0,0.0053,2,0.0016,2,0.0078,5
ABEV3,2014-09-23,1,0,0,0.0056,3,0.0048,3,0.0072,4
ABEV3,2014-09-24,0,1,0,0.0,0,0.0,0,0.0,0
ABEV3,2014-09-25,0,1,0,0.0,0,0.0,0,0.0,0
ABEV3,2014-09-26,0,1,0,0.0,0,0.0,0,0.0,0
ABEV3,2014-09-29,0,1,0,0.0,0,0.0,0,0.0,0
ABEV3,2014-09-30,1,0,0,0.0768,90,0.0687,84,0.0768,90
ABEV3,2014-10-01,1,0,0,0.0822,89,0.0565,76,0.0822,89
ABEV3,2014-10-02,1,0,0,0.0295,3,0.0159,2,0.0902,88
ABEV3,2014-10-03,1,0,0,0.0201,2,0.0171,2,0.0791,87
ABEV3,2014-10-06,0,1,0,0.0,0,0.0,0,0.0,0
ABEV3,2014-10-07,0,1,0,0.0,0,0.0,0,0.0,0
ABEV3,2014-10-08,0,1,0,0.0,0,0.0,0,0.0,0
ABEV3,2014-10-09,0,1,0,0.0,0,0.0,0,0.0,0
ABEV3,2014-10-10,1,0,0,0.086,82,0.0479,60,0.0923,90
ABEV3,2014-10-13,1,0,0,0.0823,90,0.0762,86,0.0823,90
ABEV3,2014-10-14,1,0,0,0.0785,80,0.0649,73,0.0874,89
ABEV3,2014-10-15,1,0,0,0.0812,79,0.0588,67,0.0901,88
ABEV3,2014-10-16,1,0,0,0.0156,2,0.0042,2,0.1075,90
ABEV3,2014-10-17,1,0,0,0.097,89,0.0581,64,0.097,89
ABEV3,2014-10-20,1,0,0,0.0942,88,0.0642,69,0.0942,88
ABEV3,2014-10-21,1,0,0,0.087,75,0.0456,53,0.1027,87
ABEV3,2014-10-22,1,0,0,0.0452,23,0.0408,22,0.1049,86
ABEV3,2014-10-23,1,0,0,0.029,7,0.0278,7,0.1108,85
ABEV3,2014-10-24,1,0,0,0.0321,6,0.0196,6,0.1146,84
ABEV3,2014-10-27,1,0,0,0.0225,2,0.0043,2,0.1216,83
ABEV3,2014-10-28,1,0,0,0.0219,9,0.0197,9,0.0995,82
ABEV3,2014-10-29,1,0,0,0.0168,4,0.0008,2,0.1017,81
ABEV3,2014-10-30,1,0,0,0.0375,17,0.0277,16,0.096,80
ABEV3,2014-10-31,1,0,0,0.0396,16,0.0221,15,0.0984,79
ABEV3,2014-11-03,1,0,0,0.0824,78,0.0742,75,0.0824,78
ABEV3,2014-11-04,0,1,0,0.0,0,0.0,0,0.0,0
ABEV3,2014-11-05,1,0,0,0.0087,3,0.0048,3,0.0834,76
ABEV3,2014-11-06,1,0,0,0.0084,2,0.0055,2,0.0854,90
ABEV3,2014-11-07,1,0,0,0.0808,74,0.0779,74,0.0847,90
ABEV3,2014-11-10,0,1,0,0.0,0,0.0,0,0.0,0
ABEV3,2014-11-11,1,0,0,0.0837,72,0.0713,65,0.0877,88
ABEV3,2014-11-12,1,0,0,0.012,2,0.0088,2,0.0931,87
ABEV3,2014-11-13,1,0,0,0.0834,86,0.0808,85,0.0834,86
ABEV3,2014-11-14,1,0,0,0.0287,5,0.0121,4,0.0945,85
ABEV3,2014-11-17,1,0,0,0.0322,4,0.0024,2,0.0986,84
ABEV3,2014-11-18,1,0,0,0.0255,3,0.008,2,0.0915,90
ABEV3,2014-11-19,1,0,0,0.0227,2,0.0024,2,0.0895,90
ABEV3,2014-11-21,1,0,0,0.0091,6,0.0008,6,0.0091,6
ABEV3,2014-11-24,0,1,0,0.0,0,0.0,0,0.0,0
ABEV3,2014-11-25,0,1,0,0.0,0,0.0,0,0.0,0
ABEV3,2014-11-26,0,1,0,0.0,0,0.0,0,0.0,0
ABEV3,2014-11-27,1,0,0,0.0075,2,0.0054,2,0.0075,2
ABEV3,2014-11-28,0,1,0,0.0,0,0.0,0,0.0,0
ABEV3,2014-12-01,1,0,0,0.094,86,0.0922,86,0.094,86
ABEV3,2014-12-02,1,0,0,0.07,46,0.0684,46,0.1052,85
ABEV3,2014-12-03,1,0,0,0.0594,33,0.051,32,0.1134,84
ABEV3,2014-12-04,1,0,0,0.0581,32,0.0541,32,0.1119,83
ABEV3,2014-12-05,1,0,0,0.0594,31,0.051,30,0.1134,82
ABEV3,2014-12-08,1,0,0,0.0651,36,0.0624,36,0.108,81
ABEV3,2014-12-09,1,0,0,0.0456,19,0.0448,19,0.1163,80
ABEV3,2014-12-10,1,0,0,0.0076,2,0.0065,2,0.117,79
ABEV3,2014-12-11,1,0,0,0.0591,27,0.0518,26,0.113,78
ABEV3,2014-12-12,1,0,0,0.0594,26,0.051,25,0.1134,77
ABEV3,2014-12-15,1,0,0,0.0475,15,0.0401,15,0.1185,76
ABEV3,2014-12-16,1,0,0,0.0171,2,0.0008,2,0.1306,75
ABEV3,2014-12-17,1,0,0,0.0161,4,0.0131,4,0.1192,74
ABEV3,2014-12-18,1,0,0,0.0411,12,0.0121,5,0.1116,90
ABEV3,2014-12-19,1,0,0,0.0378,11,0.0231,11,0.1202,90
ABEV3,2014-12-22,1,0,0,0.0085,2,0.0064,2,0.1213,89
ABEV3,2014-12-23,1,0,0,0.0396,12,0.0362,12,0.1142,88
ABEV3,2014-12-26,1,0,0,0.0474,18,0.0392,17,0.1128,87
ABEV3,2014-12-29,1,0,0,0.034,7,0.0039,2,0.1156,86
ABEV3,2014-12-30,1,0,0,0.0542,22,0.0475,21,0.1089,85
ABEV3,2015-01-02,1,0,0,0.0393,8,0.037,8,0.1138,84
ABEV3,2015-01-05,1,0,0,0.0378,4,0.0231,4,0.1202,83
ABEV3,2015-01-06,1,0,0,0.042,3,0.0105,2,0.1254,82
ABEV3,2015-01-07,1,0,0,0.028,2,0.0124,2,0.1083,81
ABEV3,2015-01-08,1,0,0,0.0114,4,0.0102,4,0.0803,80
ABEV3,2015-01-09,1,0,0,0.0107,3,0.0102,3,0.0794,79
ABEV3,2015-01-12,1,0,0,0.0089,2,0.0087,2,0.0773,78
ABEV3,2015-01-13,1,0,0,0.0141,8,0.01,7,0.0738,77
ABEV3,2015-01-14,0,1,0,0.0,0,0.0,0,0.0,0
ABEV3,2015-01-15,1,0,0,0.0062,2,0.005,2,0.0738,75
ABEV3,2015-01-16,1,0,0,0.0131,5,0.0121,5,0.0726,74
ABEV3,2015-01-19,1,0,0,0.0209,10,0.0164,9,0.0709,73
ABEV3,2015-01-20,1,0,0,0.0083,2,0.005,2,0.0718,72
ABEV3,2015-01-21,1,0,0,0.0089,2,0.0064,2,0.0677,71
ABEV3,2015-01-22,1,0,0,0.0327,25,0.025,22,0.0619,70
ABEV3,2015-01-23,1,0,0,0.0224,12,0.0168,11,0.0652,69
ABEV3,2015-01-26,1,0,0,0.0165,4,0.0071,4,0.0692,68
ABEV3,2015-01-27,1,0,0,0.0168,3,0.0064,3,0.0695,67
ABEV3,2015-01-28,1,0,0,0.0178,2,0.0028,2,0.0706,66
ABEV3,2015-01-29,1,0,0,0.0154,2,0.0077,2,0.0647,65
ABEV3,2015-01-30,1,0,0,0.0181,12,0.0158,12,0.0565,64
ABEV3,2015-02-02,1,0,0,0.0259,18,0.0205,15,0.0546,63
ABEV3,2015-02-03,1,0,0,0.0247,17,0.0238,17,0.0533,62
ABEV3,2015-02-04,1,0,0,0.0259,16,0.0205,13,0.0546,61
ABEV3,2015-02-05,1,0,0,0.011,2,0.0103,2,0.0586,60
ABEV3,2015-02-06,1,0,0,0.015,7,0.0136,7,0.053,59
ABEV3,2015-02-09,1,0,0,0.0187,13,0.0114,10,0.0468,58
ABEV3,2015-02-10,1,0,0,0.043,57,0.0344,57,0.043,57
ABEV3,2015-02-11,1,0,0,0.0169,11,0.0166,11,0.0448,56
ABEV3,2015-02-12,1,0,0,0.0423,55,0.0364,55,0.0423,55
ABEV3,2015-02-13,1,0,0,0.0413,54,0.0389,54,0.0413,54
ABEV3,2015-02-18,1,0,0,0.0139,8,0.0046,4,0.0416,53
ABEV3,2015-02-19,1,0,0,0.0079,4,0.0066,4,0.0408,52
ABEV3,2015-02-20,0,1,0,0.0,0,0.0,0,0.0,0
ABEV3,2015-02-23,1,0,0,0.0132,5,0.0046,5,0.0408,50
ABEV3,2015-02-24,0,1,0,0.0,0,0.0,0,0.0,0
ABEV3,2015-02-25,0,1,0,0.0,0,0.0,0,0.0,0
ABEV3,2015-02-26,0,1,0,0.0,0,0.0,0,0.0,0
ABEV3,2015-02-27,0,1,0,0.0,0,0.0,0,0.0,0
ABEV3,2015-03-02,0,1,0,0.0,0,0.0,0,0.0,0
ABEV3,2015-03-03,0,1,0,0.0,0,0.0,0,0.0,0
ABEV3,2015-03-04,1,0,0,0.0072,2,0.0072,2,0.0072,2
ABEV3,2015-03-05,0,1,0,0.0,0,0.0,0,0.0,0
ABEV3,2015-03-06,0,1,0,0.0,0,0.0,0,0.0,0
ABEV3,2015-03-09,0,1,0,0.0,0,0.0,0,0.0,0
ABEV3,2015-03-10,0,1,0,0.0,0,0.0,0,0.0,0
ABEV3,2015-03-11,1,0,0,0.0137,2,0.0027,2,0.0499,38
ABEV3,2015-03-12,0,1,0,0.0,0,0.0,0,0.0,0
ABEV3,2015-03-13,1,0,0,0.0147,2,0.0047,2,0.0512,36
ABEV3,2015-03-16,1,0,0,0.0263,17,0.0163,15,0.0372,35
ABEV3,2015-03-17,1,0,0,0.0094,2,0.0085,2,0.0386,34
ABEV3,2015-03-18,1,0,0,0.014,3,0.0033,2,0.0396,33
ABEV3,2015-03-19,1,0,0,0.0093,2,0.0045,2,0.0345,32
ABEV3,2015-03-20,1,0,0,0.0055,2,0.0045,2,0.0055,2
ABEV3,2015-03-23,0,1,0,0.0,0,0.0,0,0.0,0
ABEV3,2015-03-24,0,1,0,0.0,0,0.0,0,0.0,0
ABEV3,2015-03-25,0,1,0,0.0,0,0.0,0,0.0,0
ABEV3,2015-03-26,1,0,0,0.0232,8,0.0175,7,0.0357,27
ABEV3,2015-03-27,1,0,0,0.0105,2,0.0039,2,0.0408,26
ABEV3,2015-03-30,1,0,0,0.0315,74,0.0065,43,0.0347,89
ABEV3,2015-03-31,1,0,0,0.011,2,0.0039,2,0.0343,24
ABEV3,2015-04-01,1,0,0,0.0132,3,0.0121,3,0.0294,23
ABEV3,2015-04-02,1,0,0,0.0095,2,0.0082,2,0.0255,22
ABEV3,2015-04-06,1,0,0,0.0107,2,0.0038,2,0.0228,21
ABEV3,2015-04-07,0,1,0,0.0,0,0.0,0,0.0,0
ABEV3,2015-04-08,0,1,0,0.0,0,0.0,0,0.0,0
ABEV3,2015-04-09,0,1,0,0.0,0,0.0,0,0.0,0
ABEV3,2015-04-10,1,0,0,0.0056,2,0.0019,2,0.0056,2
ABEV3,2015-04-13,0,1,0,0.0,0,0.0,0,0.0,0
ABEV3,2015-04-14,0,1,0,0.0,0,0.0,0,0.0,0
ABEV3,2015-04-15,0,1,0,0.0,0,0.0,0,0.0,0
ABEV3,2015-04-16,0,1,0,0.0,0,0.0,0,0.0,0
ABEV3,2015-04-17,1,0,0,0.0225,12,0.0207,12,0.0225,12
ABEV3,2015-04-20,1,0,0,0.0225,11,0.0207,11,0.0225,11
ABEV3,2015-04-22,1,0,0,0.0232,10,0.0188,10,0.0232,10
ABEV3,2015-04-23,1,0,0,0.0241,9,0.0164,9,0.0241,9
ABEV3,2015-04-24,1,0,0,0.0221,8,0.0219,8,0.0221,8
ABEV3,2015-04-27,1,0,0,0.0228,7,0.0201,7,0.0228,7
ABEV3,2015-04-28,1,0,0,0.0228,6,0.0201,6,0.0228,6
ABEV3,2015-04-29,1,0,0,0.0271,5,0.0019,2,0.0271,5
ABEV3,2015-04-30,0,1,0,0.0,0,0.0,0,0.0,0
ABEV3,2015-05-04,1,0,0,0.0221,3,0.0013,2,0.0221,3
ABEV3,2015-05-05,1,0,0,0.019,2,0.0031,2,0.019,2
ABEV3,2015-05-06,0,1,0,0.0,0,0.0,0,0.0,0
ABEV3,2015-05-07,0,1,0,0.0,0,0.0,0,0.0,0
ABEV3,2015-05-08,0,1,0,0.0,0,0.0,0,0.0,0
ABEV3,2015-05-11,0,1,0,0.0,0,0.0,0,0.0,0
ABEV3,2015-05-12,0,1,0,0.0,0,0.0,0,0.0,0
ABEV3,2015-05-13,0,1,0,0.0,0,0.0,0,0.0,0
ABEV3,2015-05-14,0,1,0,0.0,0,0.0,0,0.0,0
ABEV3,2015-05-15,0,1,0,0.0,0,0.0,0,0.0,0
ABEV3,2015-05-18,0,1,0,0.0,0,0.0,0,0.0,0
ABEV3,2015-05-19,0,1,0,0.0,0,0.0,0,0.0,0
ABEV3,2015-05-20,0,1,0,0.0,0,0.0,0,0.0,0
ABEV3,2015-05-21,1,0,0,0.0088,2,0.0032,2,0.03,54
ABEV3,2015-05-22,0,1,0,0.0,0,0.0,0,0.0,0
ABEV3,2015-05-25,0,1,0,0.0,0,0.0,0,0.0,0
ABEV3,2015-05-26,0,1,0,0.0,0,0.0,0,0.0,0
ABEV3,2015-05-27,1,0,0,0.0256,32,0.0161,22,0.0312,50
ABEV3,2015-05-28,1,0,0,0.0111,7,0.0085,6,0.034,49
ABEV3,2015-05-29,1,0,0,0.0102,6,0.0091,6,0.0331,48
ABEV3,2015-06-01,1,0,0,0.0039,2,0.0013,2,0.03,47
ABEV3,2015-06-02,0,1,0,0.0,0,0.0,0,0.0,0
ABEV3,2015-06-03,1,0,0,0.0268,45,0.0261,45,0.0268,45
ABEV3,2015-06-05,1,0,0,0.0087,5,0.0083,5,0.0282,44
ABEV3,2015-06-08,1,0,0,0.0218,28,0.0197,28,0.0249,43
ABEV3,2015-06-09,1,0,0,0.0068,2,0.0026,2,0.0291,42
ABEV3,2015-06-10,1,0,0,0.0215,26,0.0203,26,0.0247,41
ABEV3,2015-06-11,0,1,0,0.0,0,0.0,0,0.0,0
ABEV3,2015-06-12,1,0,0,0.0201,21,0.0178,21,0.0256,39
ABEV3,2015-06-15,1,0,0,0.0128,10,0.0128,10,0.0275,38
ABEV3,2015-06-16,1,0,0,0.0111,5,0.0045,4,0.0272,37
ABEV3,2015-06-17,1,0,0,0.0106,8,0.0102,8,0.0252,36
ABEV3,2015-06-18,1,0,0,0.0181,17,0.0145,16,0.0236,35
ABEV3,2015-06-19,1,0,0,0.0263,34,0.0108,30,0.0263,34
ABEV3,2015-06-22,1,0,0,0.0135,15,0.0125,15,0.0158,18
ABEV3,2015-06-23,0,1,0,0.0,0,0.0,0,0.0,0
ABEV3,2015-06-24,1,0,0,0.0151,16,0.0143,16,0.0151,16
ABEV3,2015-06-25,1,0,0,0.0146,12,0.0094,11,0.0169,15
ABEV3,2015-06-26,1,0,0,0.0038,2,0.0019,2,0.0175,14
ABEV3,2015-06-29,1,0,0,0.0114,10,0.0099,10,0.0136,13
ABEV3,2015-06-30,1,0,0,0.0048,2,0.0031,2,0.0156,12
ABEV3,2015-07-01,1,0,0,0.0122,8,0.0068,7,0.0145,11
ABEV3,2015-07-02,0,1,0,0.0,0,0.0,0,0.0,0
ABEV3,2015-07-03,1,0,0,0.0048,2,0.0044,2,0.0154,9
ABEV3,2015-07-06,1,0,0,0.0067,2,0.0012,2,0.016,8
ABEV3,2015-07-07,1,0,0,0.0095,3,0.0019,2,0.0143,7
ABEV3,2015-07-08,1,0,0,0.0088,3,0.008,3,0.0111,6
ABEV3,2015-07-10,1,0,0,0.0078,2,0.0055,2,0.01,5
ABEV3,2015-07-13,0,1,0,0.0,0,0.0,0,0.0,0
ABEV3,2015-07-14,1,0,0,0.0065,3,0.0036,2,0.0065,3
ABEV3,2015-07-15,0,1,0,0.0,0,0.0,0,0.0,0
ABEV3,2015-07-16,0,1,0,0.0,0,0.0,0,0.0,0
ABEV3,2015-07-17,0,1,0,0.0,0,0.0,0,0.0,0
ABEV3,2015-07-20,0,1,0,0.0,0,0.0,0,0.0,0
ABEV3,2015-07-21,0,1,0,0.0,0,0.0,0,0.0,0
ABEV3,2015-07-22,0,1,0,0.0,0,0.0,0,0.0,0
ABEV3,2015-07-23,0,1,0,0.0,0,0.0,0,0.0,0
ABEV3,2015-07-24,0,1,0,0.0,0,0.0,0,0.0,0
ABEV3,2015-07-27,0,1,0,0.0,0,0.0,0,0.0,0
ABEV3,2015-07-28,1,0,0,0.0225,8,0.0214,8,0.0225,8
ABEV3,2015-07-29,1,0,0,0.0148,3,0.0044,2,0.0252,7
ABEV3,2015-07-30,1,0,0,0.0126,2,0.0044,2,0.0229,6
ABEV3,2015-07-31,1,0,0,0.0108,2,0.0031,2,0.0183,5
ABEV3,2015-08-03,1,0,0,0.0104,3,0.0018,2,0.0122,4
ABEV3,2015-08-04,0,1,0,0.0,0,0.0,0,0.0,0
ABEV3,2015-08-05,0,1,0,0.0,0,0.0,0,0.0,0
ABEV3,2015-08-06,0,1,0,0.0,0,0.0,0,0.0,0
ABEV3,2015-08-07,0,1,0,0.0,0,0.0,0,0.0,0
ABEV3,2015-08-10,0,1,0,0.0,0,0.0,0,0.0,0
ABEV3,2015-08-11,0,1,0,0.0,0,0.0,0,0.0,0
ABEV3,2015-08-12,0,1,0,0.0,0,0.0,0,0.0,0
ABEV3,2015-08-13,0,1,0,0.0,0,0.0,0,0.0,0
ABEV3,2015-08-14,0,1,0,0.0,0,0.0,0,0.0,0
ABEV3,2015-08-17,0,1,0,0.0,0,0.0,0,0.0,0
ABEV3,2015-08-18,0,1,0,0.0,0,0.0,0,0.0,0
ABEV3,2015-08-19,0,1,0,0.0,0,0.0,0,0.0,0
ABEV3,2015-08-20,1,0,0,0.007,2,0.0066,2,0.007,2
ABEV3,2015-08-21,0,1,0,0.0,0,0.0,0,0.0,0
ABEV3,2015-08-24,1,0,0,0.0239,2,0.0225,2,0.0628,30
ABEV3,2015-08-25,1,0,0,0.0176,3,0.0155,3,0.0406,29
ABEV3,2015-08-26,1,0,0,0.0149,2,0.0051,2,0.0377,28
ABEV3,2015-08-27,1,0,0,0.0285,27,0.0237,27,0.0285,27
ABEV3,2015-08-28,1,0,0,0.028,26,0.0249,26,0.028,26
ABEV3,2015-08-31,1,0,0,0.0285,25,0.0237,25,0.0285,25
ABEV3,2015-09-01,1,0,0,0.0184,3,0.0019,2,0.0351,24
ABEV3,2015-09-02,1,0,0,0.0144,2,0.0113,2,0.0309,23
ABEV3,2015-09-03,0,0,0,0.0,0,0.0,0,0.0,0
ABEV3,2015-09-04,1,0,0,0.0126,2,0.0037,2,0.0126,2
ABEV3,2015-09-08,0,0,0,0.0,0,0.0,0,0.0,0
ABEV3,2015-09-09,0,0,0,0.0,0,0.0,0,0.0,0
ABEV3,2015-09-10,1,0,0,0.0093,2,0.0038,2,0.033,18
ABEV3,2015-09-11,1,0,0,0.0242,17,0.0209,17,0.0242,17
ABEV3,2015-09-14,1,0,0,0.0128,3,0.0118,3,0.0276,16
ABEV3,2015-09-15,1,0,0,0.012,2,0.0074,2,0.0267,15
ABEV3,2015-09-16,0,0,0,0.0,0,0.0,0,0.0,0
ABEV3,2015-09-17,1,0,0,0.0057,3,0.003,3,0.0057,3
ABEV3,2015-09-18,1,0,0,0.0053,2,0.0043,2,0.0053,2
ABEV3,2015-09-21,0,0,0,0.0,0,0.0,0,0.0,0
ABEV3,2015-09-22,0,0,0,0.0,0,0.0,0,0.0,0
ABEV3,2015-09-23,0,0,0,0.0,0,0.0,0,0.0,0
ABEV3,2015-09-24,1,0,0,0.0154,2,0.0075,2,0.0285,8
ABEV3,2015-09-25,1,0,0,0.0201,7,0.0134,6,0.0201,7
ABEV3,2015-09-28,1,0,0,0.0197,6,0.014,6,0.0197,6
ABEV3,2015-09-29,1,0,0,0.0083,2,0.0037,2,0.0205,5
ABEV3,2015-09-30,1,0,0,0.0146,4,0.0132,4,0.0146,4
ABEV3,2015-10-01,1,0,0,0.0121,2,0.0036,2,0.0179,3
ABEV3,2015-10-02,1,0,0,0.0148,2,0.0018,2,0.0148,2
ABEV3,2015-10-05,0,0,0,0.0,0,0.0,0,0.0,0
ABEV3,2015-10-06,0,0,0,0.0,0,0.0,0,0.0,0
ABEV3,2015-10-07,0,0,0,0.0,0,0.0,0,0.0,0
ABEV3,2015-10-08,0,0,0,0.0,0,0.0,0,0.0,0
ABEV3,2015-10-09,0,0,0,0.0,0,0.0,0,0.0,0
ABEV3,2015-10-13,0,0,0,0.0,0,0.0,0,0.0,0
ABEV3,2015-10-14,1,0,0,0.0239,8,0.0232,8,0.0239,8
ABEV3,2015-10-15,1,0,0,0.0167,2,0.0146,2,0.027,7
ABEV3,2015-10-16,1,0,0,0.0155,6,0.0153,6,0.0155,6
ABEV3,2015-10-19,1,0,0,0.0101,3,0.0097,3,0.0128,5
ABEV3,2015-10-20,0,0,0,0.0,0,0.0,0,0.0,0
ABEV3,2015-10-21,0,0,0,0.0,0,0.0,0,0.0,0
ABEV3,2015-10-22,0,0,0,0.0,0,0.0,0,0.0,0
ABEV3,2015-10-23,0,0,0,0.0,0,0.0,0,0.0,0
ABEV3,2015-10-26,0,0,0,0.0,0,0.0,0,0.0,0
ABEV3,2015-10-27,0,0,0,0.0,0,0.0,0,0.0,0
ABEV3,2015-10-28,0,0,0,0.0,0,0.0,0,0.0,0
ABEV3,2015-10-29,0,0,0,0.0,0,0.0,0,0.0,0
ABEV3,2015-10-30,1,0,0,0.0129,2,0.0093,2,0.0162,3
ABEV3,2015-11-03,1,0,0,0.0121,2,0.008,2,0.0121,2
ABEV3,2015-11-04,0,0,0,0.0,0,0.0,0,0.0,0
ABEV3,2015-11-05,0,0,0,0.0,0,0.0,0,0.0,0
ABEV3,2015-11-06,0,0,0,0.0,0,0.0,0,0.0,0
ABEV3,2015-11-09,0,1,0,0.0,0,0.0,0,0.0,0
ABEV3,2015-11-10,0,1,0,0.0,0,0.0,0,0.0,0
ABEV3,2015-11-11,1,0,0,0.0105,2,0.0006,2,0.014,8
ABEV3,2015-11-12,0,0,0,0.0,0,0.0,0,0.0,0
ABEV3,2015-11-13,1,0,0,0.0062,2,0.0062,2,0.0108,6
ABEV3,2015-11-16,0,0,0,0.0,0,0.0,0,0.0,0
ABEV3,2015-11-17,0,0,0,0.0,0,0.0,0,0.0,0
ABEV3,2015-11-18,1,0,0,0.0057,2,0.0025,2,0.0057,2
ABEV3,2015-11-19,0,0,0,0.0,0,0.0,0,0.0,0
ABEV3,2015-11-23,0,0,0,0.0,0,0.0,0,0.0,0
ABEV3,2015-11-24,0,0,0,0.0,0,0.0,0,0.0,0
ABEV3,2015-11-25,0,1,0,0.0,0,0.0,0,0.0,0
ABEV3,2015-11-26,0,1,0,0.0,0,0.0,0,0.0,0
ABEV3,2015-11-27,0,1,0,0.0,0,0.0,0,0.0,0
ABEV3,2015-11-30,1,0,0,0.0059,2,0.0025,2,0.0112,4
ABEV3,2015-12-01,0,1,0,0.0,0,0.0,0,0.0,0
ABEV3,2015-12-02,0,1,0,0.0,0,0.0,0,0.0,0
ABEV3,2015-12-03,0,0,0,0.0,0,0.0,0,0.0,0
ABEV3,2015-12-04,0,1,0,0.0,0,0.0,0,0.0,0
ABEV3,2015-12-07,0,1,0,0.0,0,0.0,0,0.0,0
ABEV3,2015-12-08,0,1,0,0.0,0,0.0,0,0.0,0
ABEV3,2015-12-09,0,1,0,0.0,0,0.0,0,0.0,0
ABEV3,2015-12-10,0,1,0,0.0,0,0.0,0,0.0,0
ABEV3,2015-12-11,0,1,0,0.0,0,0.0,0,0.0,0
ABEV3,2015-12-14,0,1,0,0.0,0,0.0,0,0.0,0
ABEV3,2015-12-15,0,1,0,0.0,0,0.0,0,0.0,0
ABEV3,2015-12-16,1,0,0,0.02,2,0.0033,2,0.02,2
ABEV3,2015-12-17,0,1,0,0.0,0,0.0,0,0.0,0
ABEV3,2015-12-18,0,1,0,0.0,0,0.0,0,0.0,0
ABEV3,2015-12-21,1,0,0,0.0114,3,0.0007,3,0.0121,5
ABEV3,2015-12-22,0,1,0,0.0,0,0.0,0,0.0,0
ABEV3,2015-12-23,0,1,0,0.0,0,0.0,0,0.0,0
ABEV3,2015-12-28,0,1,0,0.0,0,0.0,0,0.0,0
ABEV3,2015-12-29,0,1,0,0.0,0,0.0,0,0.0,0
ABEV3,2015-12-30,0,1,0,0.0,0,0.0,0,0.0,0
ABEV3,2016-01-04,0,1,0,0.0,0,0.0,0,0.0,0
ABEV3,2016-01-05,0,1,0,0.0,0,0.0,0,0.0,0
ABEV3,2016-01-06,0,1,0,0.0,0,0.0,0,0.0,0
ABEV3,2016-01-07,0,1,0,0.0,0,0.0,0,0.0,0
ABEV3,2016-01-08,1,0,0,0.0573,78,0.0557,78,0.0573,78
ABEV3,2016-01-11,0,1,0,0.0,0,0.0,0,0.0,0
ABEV3,2016-01-12,1,0,0,0.0573,76,0.0557,76,0.0573,76
ABEV3,2016-01-13,0,1,0,0.0,0,0.0,0,0.0,0
ABEV3,2016-01-14,1,0,0,0.0573,74,0.0557,74,0.0573,74
ABEV3,2016-01-15,1,0,0,0.0404,10,0.0392,10,0.0641,73
ABEV3,2016-01-18,1,0,0,0.043,9,0.0197,7,0.0669,72
ABEV3,2016-01-19,1,0,0,0.0435,8,0.0183,6,0.0675,71
ABEV3,2016-01-20,1,0,0,0.043,7,0.0197,5,0.0669,70
ABEV3,2016-01-21,1,0,0,0.0289,4,0.0197,4,0.0669,69
ABEV3,2016-01-22,0,1,0,0.0,0,0.0,0,0.0,0
ABEV3,2016-01-26,1,0,0,0.0251,2,0.0091,2,0.0628,67
ABEV3,2016-01-27,1,0,0,0.0298,2,0.0007,2,0.0603,66
ABEV3,2016-01-28,1,0,0,0.0207,16,0.0183,16,0.0374,65
ABEV3,2016-01-29,1,0,0,0.0107,2,0.0077,2,0.0322,64
ABEV3,2016-02-01,0,1,0,0.0,0,0.0,0,0.0,0
ABEV3,2016-02-02,0,1,0,0.0,0,0.0,0,0.0,0
ABEV3,2016-02-03,0,1,0,0.0,0,0.0,0,0.0,0
ABEV3,2016-02-04,0,1,0,0.0,0,0.0,0,0.0,0
ABEV3,2016-02-05,0,1,0,0.0,0,0.0,0,0.0,0
ABEV3,2016-02-10,1,0,0,0.0298,34,0.0277,34,0.0324,58
ABEV3,2016-02-11,1,0,0,0.0076,2,0.0072,2,0.0386,57
ABEV3,2016-02-12,1,0,0,0.0122,4,0.0122,4,0.0319,56
ABEV3,2016-02-15,1,0,0,0.0136,6,0.0128,6,0.0136,6
ABEV3,2016-02-16,1,0,0,0.0122,2,0.0058,2,0.0319,54
ABEV3,2016-02-17,1,0,0,0.0123,4,0.007,4,0.0123,4
ABEV3,2016-02-18,1,0,0,0.0128,3,0.0019,2,0.0128,3
ABEV3,2016-02-19,1,0,0,0.0104,2,0.0076,2,0.0104,2
ABEV3,2016-02-22,0,1,0,0.0,0,0.0,0,0.0,0
ABEV3,2016-02-23,0,1,0,0.0,0,0.0,0,0.0,0
ABEV3,2016-02-24,0,1,0,0.0,0,0.0,0,0.0,0
ABEV3,2016-02-25,1,0,0,0.0286,7,0.0124,4,0.0382,47
ABEV3,2016-02-26,1,0,0,0.0243,6,0.0213,6,0.0338,46
ABEV3,2016-02-29,1,0,0,0.0241,5,0.022,5,0.0336,45
ABEV3,2016-03-01,1,0,0,0.0267,4,0.0059,2,0.0362,44
ABEV3,2016-03-02,1,0,0,0.0198,4,0.019,4,0.0198,4
ABEV3,2016-03-03,1,0,0,0.0169,2,0.007,2,0.0262,42
ABEV3,2016-03-04,1,0,0,0.0105,2,0.0098,2,0.0105,2
ABEV3,2016-03-07,0,1,0,0.0,0,0.0,0,0.0,0
ABEV3,2016-03-08,0,1,0,0.0,0,0.0,0,0.0,0
ABEV3,2016-03-09,0,1,0,0.0,0,0.0,0,0.0,0
ABEV3,2016-03-10,0,1,0,0.0,0,0.0,0,0.0,0
ABEV3,2016-03-11,0,1,0,0.0,0,0.0,0,0.0,0
ABEV3,2016-03-14,1,0,0,0.0266,35,0.0247,35,0.0266,35
ABEV3,2016-03-15,1,0,0,0.0155,3,0.0058,2,0.0336,34
ABEV3,2016-03-16,1,0,0,0.0254,9,0.0172,7,0.028,33
ABEV3,2016-03-17,0,1,0,0.0,0,0.0,0,0.0,0
ABEV3,2016-03-18,0,1,0,0.0,0,0.0,0,0.0,0
ABEV3,2016-03-21,1,0,0,0.0206,23,0.0063,18,0.0253,30
ABEV3,2016-03-22,1,0,0,0.0155,5,0.0111,4,0.0155,5
ABEV3,2016-03-23,1,0,0,0.0099,2,0.0025,2,0.0165,4
ABEV3,2016-03-24,1,0,0,0.0086,2,0.0024,2,0.012,3
ABEV3,2016-03-28,1,0,0,0.0072,2,0.0042,2,0.0072,2
ABEV3,2016-03-29,0,1,0,0.0,0,0.0,0,0.0,0
ABEV3,2016-03-30,0,1,0,0.0,0,0.0,0,0.0,0
ABEV3,2016-03-31,0,1,0,0.0,0,0.0,0,0.0,0
ABEV3,2016-04-01,0,1,0,0.0,0,0.0,0,0.0,0
ABEV3,2016-04-04,1,0,0,0.0171,14,0.0162,14,0.0217,21
ABEV3,2016-04-05,0,1,0,0.0,0,0.0,0,0.0,0
ABEV3,2016-04-06,0,1,0,0.0,0,0.0,0,0.0,0
ABEV3,2016-04-07,1,0,0,0.0208,18,0.0187,17,0.0208,18
ABEV3,2016-04-08,0,1,0,0.0,0,0.0,0,0.0,0
ABEV3,2016-04-11,1,0,0,0.0371,90,0.0076,54,0.0371,90
ABEV3,2016-04-12,1,0,0,0.0117,4,0.0057,3,0.0331,89
ABEV3,2016-04-13,1,0,0,0.0352,88,0.0032,50,0.0352,88
ABEV3,2016-04-14,1,0,0,0.0119,2,0.0025,2,0.0333,87
ABEV3,2016-04-15,1,0,0,0.006,2,0.0049,2,0.0164,12
ABEV3,2016-04-18,1,0,0,0.0126,11,0.0104,10,0.0126,11
ABEV3,2016-04-19,0,1,0,0.0,0,0.0,0,0.0,0
ABEV3,2016-04-20,1,0,0,0.0091,6,0.0079,6,0.0122,9
ABEV3,2016-04-22,0,1,0,0.0,0,0.0,0,0.0,0
ABEV3,2016-04-25,1,0,0,0.0088,7,0.0078,7,0.0088,7
ABEV3,2016-04-26,1,0,0,0.0086,6,0.0078,6,0.0086,6
ABEV3,2016-04-27,0,1,0,0.0,0,0.0,0,0.0,0
ABEV3,2016-04-28,0,1,0,0.0,0,0.0,0,0.0,0
ABEV3,2016-04-29,0,1,0,0.0,0,0.0,0,0.0,0
ABEV3,2016-05-02,0,1,0,0.0,0,0.0,0,0.0,0
ABEV3,2016-05-03,0,1,0,0.0,0,0.0,0,0.0,0
ABEV3,2016-05-04,0,1,0,0.0,0,0.0,0,0.0,0
ABEV3,2016-05-05,0,1,0,0.0,0,0.0,0,0.0,0
ABEV3,2016-05-06,0,1,0,0.0,0,0.0,0,0.0,0
ABEV3,2016-05-09,0,1,0,0.0,0,0.0,0,0.0,0
ABEV3,2016-05-10,0,1,0,0.0,0,0.0,0,0.0,0
ABEV3,2016-05-11,0,1,0,0.0,0,0.0,0,0.0,0
ABEV3,2016-05-12,0,1,0,0.0,0,0.0,0,0.0,0
ABEV3,2016-05-13,0,1,0,0.0,0,0.0,0,0.0,0
ABEV3,2016-05-16,1,0,0,0.0176,14,0.0162,14,0.0292,66
ABEV3,2016-05-17,0,1,0,0.0,0,0.0,0,0.0,0
ABEV3,2016-05-18,1,0,0,0.0161,7,0.0106,6,0.0313,64
ABEV3,2016-05-19,1,0,0,0.0072,2,0.0013,2,0.0347,63
ABEV3,2016-05-20,1,0,0,0.0176,10,0.0155,10,0.0292,62
ABEV3,2016-05-23,1,0,0,0.0154,3,0.0006,2,0.0347,61
ABEV3,2016-05-24,1,0,0,0.011,2,0.0069,2,0.0301,60
ABEV3,2016-05-25,1,0,0,0.0113,2,0.0037,2,0.0152,8
ABEV3,2016-05-27,1,0,0,0.0055,2,0.0006,2,0.0116,7
ABEV3,2016-05-30,0,1,0,0.0,0,0.0,0,0.0,0
ABEV3,2016-05-31,0,1,0,0.0,0,0.0,0,0.0,0
ABEV3,2016-06-01,1,0,0,0.0104,3,0.0049,2,0.0108,4
ABEV3,2016-06-02,0,1,0,0.0,0,0.0,0,0.0,0
ABEV3,2016-06-03,1,0,0,0.0046,2,0.0036,2,0.0046,2
ABEV3,2016-06-06,0,1,0,0.0,0,0.0,0,0.0,0
ABEV3,2016-06-07,0,1,0,0.0,0,0.0,0,0.0,0
ABEV3,2016-06-08,1,0,0,0.0043,2,0.0036,2,0.0043,2
ABEV3,2016-06-09,0,1,0,0.0,0,0.0,0,0.0,0
ABEV3,2016-06-10,0,1,0,0.0,0,0.0,0,0.0,0
ABEV3,2016-06-13,1,0,0,0.0297,47,0.0274,46,0.0297,47
ABEV3,2016-06-14,0,1,0,0.0,0,0.0,0,0.0,0
ABEV3,2016-06-15,1,0,0,0.0292,45,0.0286,45,0.0292,45
ABEV3,2016-06-16,1,0,0,0.0147,10,0.0044,6,0.0347,44
ABEV3,2016-06-17,0,1,0,0.0,0,0.0,0,0.0,0
ABEV3,2016-06-20,0,1,0,0.0,0,0.0,0,0.0,0
ABEV3,2016-06-21,0,1,0,0.0,0,0.0,0,0.0,0
ABEV3,2016-06-22,1,0,0,0.0295,40,0.028,39,0.0295,40
ABEV3,2016-06-23,1,0,0,0.0212,12,0.0182,12,0.0331,39
ABEV3,2016-06-24,1,0,0,0.0141,2,0.0019,2,0.0392,38
ABEV3,2016-06-27,1,0,0,0.0122,2,0.0032,2,0.0357,37
ABEV3,2016-06-28,1,0,0,0.0235,36,0.0129,21,0.0235,36
ABEV3,2016-06-29,1,0,0,0.0114,8,0.0073,8,0.023,35
ABEV3,2016-06-30,1,0,0,0.0114,19,0.011,19,0.0114,19
ABEV3,2016-07-01,1,0,0,0.0085,6,0.0067,6,0.0099,18
ABEV3,2016-07-04,0,1,0,0.0,0,0.0,0,0.0,0
ABEV3,2016-07-05,1,0,0,0.0055,2,0.0006,2,0.0222,31
ABEV3,2016-07-06,0,1,0,0.0,0,0.0,0,0.0,0
ABEV3,2016-07-07,0,1,0,0.0,0,0.0,0,0.0,0
ABEV3,2016-07-08,1,0,0,0.0048,2,0.0042,2,0.006,3
ABEV3,2016-07-11,0,1,0,0.0,0,0.0,0,0.0,0
ABEV3,2016-07-12,0,1,0,0.0,0,0.0,0,0.0,0
ABEV3,2016-07-13,0,1,0,0.0,0,0.0,0,0.0,0
ABEV3,2016-07-14,0,1,0,0.0,0,0.0,0,0.0,0
ABEV3,2016-07-15,0,1,0,0.0,0,0.0,0,0.0,0
ABEV3,2016-07-18,1,0,0,0.0042,2,0.0018,2,0.0101,7
ABEV3,2016-07-19,1,0,0,0.0072,4,0.0054,4,0.0082,6
ABEV3,2016-07-20,0,1,0,0.0,0,0.0,0,0.0,0
ABEV3,2016-07-21,0,1,0,0.0,0,0.0,0,0.0,0
ABEV3,2016-07-22,0,1,0,0.0,0,0.0,0,0.0,0
ABEV3,2016-07-25,0,1,0,0.0,0,0.0,0,0.0,0
ABEV3,2016-07-26,0,0,0,0.0,0,0.0,0,0.0,0
ABEV3,2016-07-27,0,0,0,0.0,0,0.0,0,0.0,0
ABEV3,2016-07-28,0,0,0,0.0,0,0.0,0,0.0,0
ABEV3,2016-07-29,0,1,0,0.0,0,0.0,0,0.0,0
ABEV3,2016-08-01,0,1,0,0.0,0,0.0,0,0.0,0
ABEV3,2016-08-02,0,1,0,0.0,0,0.0,0,0.0,0
ABEV3,2016-08-03,1,0,0,0.0229,9,0.0153,8,0.0239,10
ABEV3,2016-08-04,1,0,0,0.0231,8,0.0147,7,0.0241,9
ABEV3,2016-08-05,1,0,0,0.0098,2,0.0031,2,0.0235,8
ABEV3,2016-08-08,1,0,0,0.0153,53,0.0036,48,0.0153,53
ABEV3,2016-08-09,1,0,0,0.0135,5,0.0125,5,0.0145,6
ABEV3,2016-08-10,1,0,0,0.0141,5,0.0137,5,0.0141,5
ABEV3,2016-08-11,1,0,0,0.0135,3,0.0125,3,0.0145,4
ABEV3,2016-08-12,1,0,0,0.0096,2,0.0018,2,0.0106,3
ABEV3,2016-08-15,1,0,0,0.0072,2,0.0018,2,0.0072,2
ABEV3,2016-08-16,0,0,0,0.0,0,0.0,0,0.0,0
ABEV3,2016-08-17,0,0,0,0.0,0,0.0,0,0.0,0
ABEV3,2016-08-18,0,0,0,0.0,0,0.0,0,0.0,0
ABEV3,2016-08-19,0,0,0,0.0,0,0.0,0,0.0,0
ABEV3,2016-08-22,0,0,0,0.0,0,0.0,0,0.0,0
ABEV3,2016-08-23,0,0,0,0.0,0,0.0,0,0.0,0
ABEV3,2016-08-24,0,0,0,0.0,0,0.0,0,0.0,0
ABEV3,2016-08-25,0,0,0,0.0,0,0.0,0,0.0,0
ABEV3,2016-08-26,0,0,0,0.0,0,0.0,0,0.0,0
ABEV3,2016-08-29,1,0,0,0.0124,5,0.009,5,0.0146,7
ABEV3,2016-08-30,0,0,0,0.0,0,0.0,0,0.0,0
ABEV3,2016-08-31,1,0,0,0.0132,4,0.012,4,0.0135,5
ABEV3,2016-09-01,1,0,0,0.0145,2,0.003,2,0.0167,4
ABEV3,2016-09-02,0,0,0,0.0,0,0.0,0,0.0,0
ABEV3,2016-09-05,0,0,0,0.0,0,0.0,0,0.0,0
ABEV3,2016-09-06,0,0,0,0.0,0,0.0,0,0.0,0
ABEV3,2016-09-08,0,0,0,0.0,0,0.0,0,0.0,0
ABEV3,2016-09-09,0,0,0,0.0,0,0.0,0,0.0,0
ABEV3,2016-09-12,0,0,0,0.0,0,0.0,0,0.0,0
ABEV3,2016-09-13,0,0,0,0.0,0,0.0,0,0.0,0
ABEV3,2016-09-14,1,0,0,0.0083,2,0.0053,2,0.0105,13
ABEV3,2016-09-15,0,0,0,0.0,0,0.0,0,0.0,0
ABEV3,2016-09-16,0,0,0,0.0,0,0.0,0,0.0,0
ABEV3,2016-09-19,0,0,0,0.0,0,0.0,0,0.0,0
ABEV3,2016-09-20,0,0,0,0.0,0,0.0,0,0.0,0
ABEV3,2016-09-21,1,0,0,0.0089,8,0.0083,8,0.0089,8
ABEV3,2016-09-22,0,0,0,0.0,0,0.0,0,0.0,0
ABEV3,2016-09-23,0,0,0,0.0,0,0.0,0,0.0,0
ABEV3,2016-09-26,0,0,0,0.0,0,0.0,0,0.0,0
ABEV3,2016-09-27,0,0,0,0.0,0,0.0,0,0.0,0
ABEV3,2016-09-28,0,0,0,0.0,0,0.0,0,0.0,0
ABEV3,2016-09-29,0,0,0,0.0,0,0.0,0,0.0,0
ABEV3,2016-09-30,0,0,0,0.0,0,0.0,0,0.0,0
ABEV3,2016-10-03,0,0,0,0.0,0,0.0,0,0.0,0
ABEV3,2016-10-04,0,0,0,0.0,0,0.0,0,0.0,0
ABEV3,2016-10-05,0,0,0,0.0,0,0.0,0,0.0,0
ABEV3,2016-10-06,0,0,0,0.0,0,0.0,0,0.0,0
ABEV3,2016-10-07,0,0,0,0.0,0,0.0,0,0.0,0
ABEV3,2016-10-10,0,0,0,0.0,0,0.0,0,0.0,0
ABEV3,2016-10-11,0,0,0,0.0,0,0.0,0,0.0,0
ABEV3,2016-10-13,0,0,0,0.0,0,0.0,0,0.0,0
ABEV3,2016-10-14,1,0,0,0.0084,2,0.0042,2,0.0105,6
ABEV3,2016-10-17,0,0,0,0.0,0,0.0,0,0.0,0
ABEV3,2016-10-18,0,0,0,0.0,0,0.0,0,0.0,0
ABEV3,2016-10-19,0,0,0,0.0,0,0.0,0,0.0,0
ABEV3,2016-10-20,0,0,0,0.0,0,0.0,0,0.0,0
ABEV3,2016-10-21,0,0,0,0.0,0,0.0,0,0.0,0
ABEV3,2016-10-24,0,0,0,0.0,0,0.0,0,0.0,0
ABEV3,2016-10-25,0,0,0,0.0,0,0.0,0,0.0,0
ABEV3,2016-10-26,0,0,0,0.0,0,0.0,0,0.0,0
ABEV3,2016-10-27,0,0,0,0.0,0,0.0,0,0.0,0
ABEV3,2016-10-28,1,0,0,0.0067,2,0.0043,2,0.0067,2
ABEV3,2016-10-31,0,0,0,0.0,0,0.0,0,0.0,0
ABEV3,2016-11-01,0,1,0,0.0,0,0.0,0,0.0,0
ABEV3,2016-11-03,0,1,0,0.0,0,0.0,0,0.0,0
ABEV3,2016-11-04,0,1,0,0.0,0,0.0,0,0.0,0
ABEV3,2016-11-07,0,1,0,0.0,0,0.0,0,0.0,0
ABEV3,2016-11-08,0,1,0,0.0,0,0.0,0,0.0,0
ABEV3,2016-11-09,0,1,0,0.0,0,0.0,0,0.0,0
ABEV3,2016-11-10,0,1,0,0.0,0,0.0,0,0.0,0
ABEV3,2016-11-11,0,1,0,0.0,0,0.0,0,0.0,0
ABEV3,2016-11-14,0,1,0,0.0,0,0.0,0,0.0,0
ABEV3,2016-11-16,1,0,0,0.0112,2,0.0039,2,0.0112,2
ABEV3,2016-11-17,0,1,0,0.0,0,0.0,0,0.0,0
ABEV3,2016-11-18,0,1,0,0.0,0,0.0,0,0.0,0
ABEV3,2016-11-21,0,1,0,0.0,0,0.0,0,0.0,0
ABEV3,2016-11-22,0,1,0,0.0,0,0.0,0,0.0,0
ABEV3,2016-11-23,1,0,0,0.0095,2,0.0073,2,0.012,6
ABEV3,2016-11-24,0,1,0,0.0,0,0.0,0,0.0,0
ABEV3,2016-11-25,0,1,0,0.0,0,0.0,0,0.0,0
ABEV3,2016-11-28,0,1,0,0.0,0,0.0,0,0.0,0
ABEV3,2016-11-29,0,1,0,0.0,0,0.0,0,0.0,0
ABEV3,2016-11-30,0,1,0,0.0,0,0.0,0,0.0,0
ABEV3,2016-12-01,0,1,0,0.0,0,0.0,0,0.0,0
ABEV3,2016-12-02,1,0,0,0.0467,58,0.0357,52,0.0467,58
ABEV3,2016-12-05,0,1,0,0.0,0,0.0,0,0.0,0
ABEV3,2016-12-06,1,0,0,0.0104,2,0.0049,2,0.0517,56
ABEV3,2016-12-07,0,1,0,0.0,0,0.0,0,0.0,0
ABEV3,2016-12-08,0,1,0,0.0,0,0.0,0,0.0,0
ABEV3,2016-12-09,1,0,0,0.048,53,0.0324,47,0.048,53
ABEV3,2016-12-12,1,0,0,0.0278,27,0.025,27,0.0509,52
ABEV3,2016-12-13,1,0,0,0.0115,4,0.0092,4,0.0571,51
ABEV3,2016-12-14,1,0,0,0.0308,25,0.0168,21,0.0541,50
ABEV3,2016-12-15,1,0,0,0.0127,2,0.005,2,0.0585,49
ABEV3,2016-12-16,1,0,0,0.0283,23,0.0236,23,0.0514,48
ABEV3,2016-12-19,1,0,0,0.0467,47,0.0357,41,0.0476,90
ABEV3,2016-12-20,1,0,0,0.0293,21,0.0209,19,0.0534,89
ABEV3,2016-12-21,1,0,0,0.029,20,0.0216,18,0.0655,90
ABEV3,2016-12-22,1,0,0,0.0273,19,0.0263,19,0.0635,89
ABEV3,2016-12-23,1,0,0,0.009,2,0.0021,2,0.0717,88
ABEV3,2016-12-26,0,1,0,0.0,0,0.0,0,0.0,0
ABEV3,2016-12-27,1,0,0,0.0092,4,0.0083,4,0.0643,90
ABEV3,2016-12-28,1,0,0,0.0109,3,0.0007,2,0.0729,90
ABEV3,2016-12-29,1,0,0,0.0076,2,0.0076,2,0.0734,90
ABEV3,2017-01-02,1,0,0,0.0066,2,0.0048,2,0.0734,90
ABEV3,2017-01-03,1,0,0,0.0211,12,0.0041,3,0.0695,89
ABEV3,2017-01-04,1,0,0,0.0403,36,0.029,30,0.067,90
ABEV3,2017-01-05,1,0,0,0.0433,35,0.0211,28,0.0703,89
ABEV3,2017-01-06,1,0,0,0.0418,34,0.0251,28,0.0687,88
ABEV3,2017-01-09,1,0,0,0.0218,8,0.0177,8,0.0717,87
ABEV3,2017-01-10,1,0,0,0.041,32,0.027,26,0.0678,86
ABEV3,2017-01-11,1,0,0,0.0223,6,0.0164,6,0.0722,85
ABEV3,2017-01-12,1,0,0,0.0104,2,0.0034,2,0.0681,84
ABEV3,2017-01-13,1,0,0,0.0307,29,0.0191,23,0.0568,83
ABEV3,2017-01-16,1,0,0,0.0297,28,0.0197,22,0.0557,82
ABEV3,2017-01-17,1,0,0,0.011,2,0.0106,2,0.0593,81
ABEV3,2017-01-18,1,0,0,0.0281,26,0.0209,25,0.054,80
ABEV3,2017-01-19,1,0,0,0.0269,25,0.0241,25,0.0527,79
ABEV3,2017-01-20,1,0,0,0.0465,76,0.0385,74,0.0477,78
ABEV3,2017-01-23,1,0,0,0.0262,23,0.026,23,0.0519,77
ABEV3,2017-01-24,1,0,0,0.0497,74,0.0304,67,0.0509,76
ABEV3,2017-01-26,1,0,0,0.0479,73,0.0348,66,0.0492,75
ABEV3,2017-01-27,1,0,0,0.0492,72,0.0317,65,0.0505,74
ABEV3,2017-01-30,1,0,0,0.0262,19,0.026,19,0.0519,73
ABEV3,2017-01-31,1,0,0,0.0097,2,0.0013,2,0.0588,72
ABEV3,2017-02-01,1,0,0,0.0499,69,0.0298,62,0.0512,71
ABEV3,2017-02-02,1,0,0,0.0262,16,0.026,16,0.0519,70
ABEV3,2017-02-03,1,0,0,0.0197,9,0.0164,9,0.0557,69
ABEV3,2017-02-06,1,0,0,0.0472,66,0.0367,64,0.0485,68
ABEV3,2017-02-07,1,0,0,0.019,7,0.0183,7,0.055,67
ABEV3,2017-02-08,1,0,0,0.0204,6,0.0145,6,0.0565,66
ABEV3,2017-02-09,1,0,0,0.0213,5,0.0119,5,0.0575,65
ABEV3,2017-02-10,1,0,0,0.0234,4,0.006,2,0.0599,64
ABEV3,2017-02-13,1,0,0,0.0167,3,0.0091,3,0.0524,63
ABEV3,2017-02-14,1,0,0,0.0153,2,0.0032,2,0.0509,62
ABEV3,2017-02-15,1,0,0,0.0107,2,0.0026,2,0.046,61
ABEV3,2017-02-16,1,0,0,0.0131,6,0.0056,5,0.0131,6
ABEV3,2017-02-17,1,0,0,0.0118,5,0.0094,5,0.0118,5
ABEV3,2017-02-20,1,0,0,0.0114,4,0.0106,4,0.0114,4
ABEV3,2017-02-21,1,0,0,0.0087,2,0.0044,2,0.0123,3
ABEV3,2017-02-22,1,0,0,0.0086,2,0.0006,2,0.0086,2
ABEV3,2017-02-23,0,1,0,0.0,0,0.0,0,0.0,0
ABEV3,2017-02-24,0,1,0,0.0,0,0.0,0,0.0,0
ABEV3,2017-03-01,0,1,0,0.0,0,0.0,0,0.0,0
ABEV3,2017-03-02,1,0,0,0.0492,50,0.0317,43,0.0505,52
ABEV3,2017-03-03,1,0,0,0.0499,49,0.0298,42,0.0512,51
ABEV3,2017-03-06,1,0,0,0.0484,48,0.0336,41,0.0497,50
ABEV3,2017-03-07,1,0,0,0.0514,47,0.026,38,0.0527,49
ABEV3,2017-03-08,1,0,0,0.0109,2,0.0047,2,0.0612,48
ABEV3,2017-03-09,1,0,0,0.0072,2,0.0026,2,0.055,47
ABEV3,2017-03-10,1,0,0,0.0196,16,0.0194,16,0.0495,46
ABEV3,2017-03-13,1,0,0,0.0196,15,0.0194,15,0.0495,45
ABEV3,2017-03-14,1,0,0,0.0196,13,0.0175,13,0.0502,44
ABEV3,2017-03-15,0,1,0,0.0,0,0.0,0,0.0,0
ABEV3,2017-03-16,1,0,0,0.0196,11,0.0123,10,0.0502,42
ABEV3,2017-03-17,1,0,0,0.0192,10,0.0136,9,0.0497,41
ABEV3,2017-03-20,1,0,0,0.0189,9,0.0129,8,0.0495,40
ABEV3,2017-03-21,1,0,0,0.0407,37,0.0323,35,0.042,39
ABEV3,2017-03-22,1,0,0,0.0185,7,0.0142,6,0.049,38
ABEV3,2017-03-23,1,0,0,0.0085,2,0.0039,2,0.053,37
ABEV3,2017-03-24,1,0,0,0.0077,2,0.0006,2,0.0477,36
ABEV3,2017-03-27,1,0,0,0.0123,3,0.0013,2,0.0456,35
ABEV3,2017-03-28,1,0,0,0.008,2,0.0032,2,0.0408,34
ABEV3,2017-03-29,1,0,0,0.0073,2,0.0037,2,0.0368,33
ABEV3,2017-03-30,0,1,0,0.0,0,0.0,0,0.0,0
ABEV3,2017-03-31,0,1,0,0.0,0,0.0,0,0.0,0
ABEV3,2017-04-03,0,1,0,0.0,0,0.0,0,0.0,0
ABEV3,2017-04-04,1,0,0,0.0342,27,0.0336,27,0.0369,90
ABEV3,2017-04-05,0,1,0,0.0,0,0.0,0,0.0,0
ABEV3,2017-04-06,1,0,0,0.0357,24,0.0263,23,0.0413,90
ABEV3,2017-04-07,1,0,0,0.0332,23,0.033,23,0.0388,89
ABEV3,2017-04-10,0,1,0,0.0,0,0.0,0,0.0,0
ABEV3,2017-04-11,1,0,0,0.0332,21,0.033,21,0.0388,87
ABEV3,2017-04-12,1,0,0,0.0093,3,0.0082,3,0.0471,90
ABEV3,2017-04-13,1,0,0,0.0108,2,0.0038,2,0.0488,89
ABEV3,2017-04-17,1,0,0,0.0084,2,0.0044,2,0.044,88
ABEV3,2017-04-18,1,0,0,0.0226,11,0.005,5,0.0396,87
ABEV3,2017-04-19,1,0,0,0.0195,10,0.0136,10,0.0364,86
ABEV3,2017-04-20,1,0,0,0.0077,3,0.0037,3,0.04,85
ABEV3,2017-04-24,1,0,0,0.0197,8,0.0105,8,0.0372,90
ABEV3,2017-04-25,1,0,0,0.0221,7,0.0031,2,0.0397,89
ABEV3,2017-04-26,1,0,0,0.0169,6,0.0159,6,0.0296,15
ABEV3,2017-04-27,1,0,0,0.0184,5,0.0117,5,0.0358,87
ABEV3,2017-04-28,1,0,0,0.0189,4,0.0043,2,0.0363,86
ABEV3,2017-05-02,1,0,0,0.0156,3,0.0055,3,0.0282,12
ABEV3,2017-05-03,1,0,0,0.0219,8,0.0121,6,0.0243,11
ABEV3,2017-05-04,1,0,0,0.0076,2,0.0072,2,0.0237,10
ABEV3,2017-05-05,1,0,0,0.015,6,0.0089,5,0.0173,9
ABEV3,2017-05-08,1,0,0,0.0168,5,0.0036,2,0.0192,8
ABEV3,2017-05-09,1,0,0,0.0112,3,0.0071,3,0.0173,7
ABEV3,2017-05-10,1,0,0,0.01,2,0.0035,2,0.0161,6
ABEV3,2017-05-11,1,0,0,0.0111,2,0.0018,2,0.0134,5
ABEV3,2017-05-12,1,0,0,0.005,2,0.0046,2,0.0061,4
ABEV3,2017-05-15,0,1,0,0.0,0,0.0,0,0.0,0
ABEV3,2017-05-16,0,1,0,0.0,0,0.0,0,0.0,0
ABEV3,2017-05-17,0,1,0,0.0,0,0.0,0,0.0,0
ABEV3,2017-05-18,1,0,0,0.0135,2,0.011,2,0.0664,88
ABEV3,2017-05-19,1,0,0,0.0573,87,0.0545,87,0.0573,87
ABEV3,2017-05-22,1,0,0,0.0133,11,0.0073,10,0.0623,86
ABEV3,2017-05-23,1,0,0,0.0597,85,0.0488,78,0.0597,85
ABEV3,2017-05-24,0,1,0,0.0,0,0.0,0,0.0,0
ABEV3,2017-05-25,0,1,0,0.0,0,0.0,0,0.0,0
ABEV3,2017-05-26,0,1,0,0.0,0,0.0,0,0.0,0
ABEV3,2017-05-30,0,1,0,0.0,0,0.0,0,0.0,0
ABEV3,2017-05-31,0,1,0,0.0,0,0.0,0,0.0,0
ABEV3,2017-06-01,0,1,0,0.0,0,0.0,0,0.0,0
ABEV3,2017-06-02,1,0,0,0.0587,78,0.0511,72,0.0587,78
ABEV3,2017-06-05,1,0,0,0.0119,2,0.0012,2,0.063,90
ABEV3,2017-06-06,0,1,0,0.0,0,0.0,0,0.0,0
ABEV3,2017-06-07,0,1,0,0.0,0,0.0,0,0.0,0
ABEV3,2017-06-08,1,0,0,0.0743,89,0.0568,87,0.0743,89
ABEV3,2017-06-09,1,0,0,0.0765,88,0.0517,67,0.0765,88
ABEV3,2017-06-12,1,0,0,0.0078,3,0.0074,3,0.0892,87
ABEV3,2017-06-13,1,0,0,0.0882,86,0.0247,32,0.0882,86
ABEV3,2017-06-14,1,0,0,0.0825,85,0.0378,60,0.0825,85
ABEV3,2017-06-16,1,0,0,0.0856,84,0.0307,42,0.0856,84
ABEV3,2017-06-19,1,0,0,0.0134,6,0.01,6,0.0945,83
ABEV3,2017-06-20,1,0,0,0.0071,2,0.0044,2,0.0935,82
ABEV3,2017-06-21,1,0,0,0.0089,4,0.005,4,0.089,81
ABEV3,2017-06-22,1,0,0,0.0072,3,0.0037,3,0.0869,80
ABEV3,2017-06-23,1,0,0,0.0838,79,0.0232,25,0.0838,79
ABEV3,2017-06-26,1,0,0,0.0818,78,0.028,36,0.0818,78
ABEV3,2017-06-27,1,0,0,0.0808,77,0.0304,41,0.0808,77
ABEV3,2017-06-28,1,0,0,0.0785,76,0.0356,52,0.0785,76
ABEV3,2017-06-29,1,0,0,0.0803,75,0.0315,50,0.0803,75
ABEV3,2017-06-30,1,0,0,0.0808,74,0.0304,38,0.0808,74
ABEV3,2017-07-03,1,0,0,0.0788,73,0.035,49,0.0788,73
ABEV3,2017-07-04,1,0,0,0.0598,53,0.0262,30,0.0825,72
ABEV3,2017-07-05,1,0,0,0.0568,50,0.0274,29,0.082,71
ABEV3,2017-07-06,1,0,0,0.0568,49,0.0274,28,0.082,70
ABEV3,2017-07-07,1,0,0,0.0095,2,0.0025,2,0.09,69
ABEV3,2017-07-10,1,0,0,0.0107,2,0.0031,2,0.0858,68
ABEV3,2017-07-11,1,0,0,0.0085,2,0.0048,2,0.08,67
ABEV3,2017-07-12,1,0,0,0.0145,12,0.0066,10,0.0733,66
ABEV3,2017-07-13,1,0,0,0.012,11,0.0101,11,0.0705,65
ABEV3,2017-07-14,1,0,0,0.004,2,0.0018,2,0.0714,64
ABEV3,2017-07-17,1,0,0,0.0108,9,0.0083,9,0.069,63
ABEV3,2017-07-18,1,0,0,0.0454,43,0.0123,19,0.0674,62
ABEV3,2017-07-19,1,0,0,0.0454,42,0.0118,15,0.0674,61
ABEV3,2017-07-20,1,0,0,0.0116,6,0.0053,6,0.07,60
ABEV3,2017-07-21,1,0,0,0.0122,5,0.0036,3,0.0707,59
ABEV3,2017-07-24,1,0,0,0.0106,4,0.0029,2,0.0688,58
ABEV3,2017-07-25,1,0,0,0.0094,3,0.0071,3,0.0674,57
ABEV3,2017-07-26,1,0,0,0.01,2,0.0053,2,0.0681,56
ABEV3,2017-07-27,0,1,0,0.0,0,0.0,0,0.0,0
ABEV3,2017-07-28,1,0,0,0.0072,2,0.0023,2,0.0657,54
ABEV3,2017-07-31,1,0,0,0.0058,3,0.0012,2,0.0629,53
ABEV3,2017-08-01,1,0,0,0.0046,2,0.0035,2,0.0616,52
ABEV3,2017-08-02,1,0,0,0.0041,2,0.0017,2,0.0613,51
ABEV3,2017-08-03,1,0,0,0.0336,29,0.0137,25,0.0573,50
ABEV3,2017-08-04,1,0,0,0.0094,7,0.0092,7,0.0591,49
ABEV3,2017-08-07,1,0,0,0.0054,2,0.0046,2,0.0598,48
ABEV3,2017-08-08,1,0,0,0.0088,5,0.0052,5,0.0584,47
ABEV3,2017-08-09,1,0,0,0.0092,4,0.004,3,0.0588,46
ABEV3,2017-08-10,1,0,0,0.0092,4,0.008,4,0.0573,45
ABEV3,2017-08-11,1,0,0,0.0062,3,0.0062,3,0.0539,44
ABEV3,2017-08-14,1,0,0,0.0068,2,0.0023,2,0.0546,43
ABEV3,2017-08-15,1,0,0,0.0264,21,0.0079,17,0.0496,42
ABEV3,2017-08-16,1,0,0,0.0246,20,0.0128,19,0.0477,41
ABEV3,2017-08-17,1,0,0,0.0266,19,0.0073,15,0.0498,40
ABEV3,2017-08-18,1,0,0,0.0254,18,0.0106,17,0.0485,39
ABEV3,2017-08-21,1,0,0,0.0264,17,0.0079,13,0.0496,38
ABEV3,2017-08-22,1,0,0,0.0248,16,0.0123,15,0.0479,37
ABEV3,2017-08-23,1,0,0,0.0257,14,0.0039,5,0.0509,36
ABEV3,2017-08-24,1,0,0,0.0244,14,0.0134,13,0.0475,35
ABEV3,2017-08-25,1,0,0,0.0243,12,0.0011,3,0.0494,34
ABEV3,2017-08-28,1,0,0,0.0229,11,0.0123,11,0.0479,33
ABEV3,2017-08-29,1,0,0,0.0235,10,0.0106,10,0.0485,32
ABEV3,2017-08-30,1,0,0,0.0209,9,0.0178,9,0.0458,31
ABEV3,2017-08-31,1,0,0,0.0243,8,0.0084,5,0.0494,30
ABEV3,2017-09-01,1,0,0,0.0215,7,0.0161,7,0.0464,29
ABEV3,2017-09-04,1,0,0,0.0245,6,0.0079,3,0.0496,28
ABEV3,2017-09-05,1,0,0,0.0219,5,0.0095,5,0.0468,27
ABEV3,2017-09-06,1,0,0,0.0215,4,0.0017,2,0.0464,26
ABEV3,2017-09-08,1,0,0,0.0385,25,0.0224,23,0.0385,25
ABEV3,2017-09-11,1,0,0,0.0174,2,0.0017,2,0.042,24
ABEV3,2017-09-12,1,0,0,0.0152,2,0.0027,2,0.0377,23
ABEV3,2017-09-13,1,0,0,0.0056,2,0.0032,2,0.0269,22
ABEV3,2017-09-14,1,0,0,0.0082,6,0.0068,6,0.0082,6
ABEV3,2017-09-15,0,1,0,0.0,0,0.0,0,0.0,0
ABEV3,2017-09-18,0,1,0,0.0,0,0.0,0,0.0,0
ABEV3,2017-09-19,1,0,0,0.0078,3,0.0016,2,0.0078,3
ABEV3,2017-09-20,0,1,0,0.0,0,0.0,0,0.0,0
ABEV3,2017-09-21,0,1,0,0.0,0,0.0,0,0.0,0
ABEV3,2017-09-22,1,0,0,0.0031,2,0.001,2,0.0031,2
ABEV3,2017-09-25,0,1,0,0.0,0,0.0,0,0.0,0
ABEV3,2017-09-26,0,1,0,0.0,0,0.0,0,0.0,0
ABEV3,2017-09-27,0,1,0,0.0,0,0.0,0,0.0,0
ABEV3,2017-09-28,0,1,0,0.0,0,0.0,0,0.0,0
ABEV3,2017-09-29,0,1,0,0.0,0,0.0,0,0.0,0
ABEV3,2017-10-02,1,0,0,0.0283,9,0.0212,9,0.0283,9
ABEV3,2017-10-03,1,0,0,0.0132,2,0.0043,2,0.0325,8
ABEV3,2017-10-04,0,1,0,0.0,0,0.0,0,0.0,0
ABEV3,2017-10-05,0,1,0,0.0,0,0.0,0,0.0,0
ABEV3,2017-10-06,1,0,0,0.025,5,0.0116,5,0.025,5
ABEV3,2017-10-09,1,0,0,0.0139,2,0.0042,2,0.0277,4
ABEV3,2017-10-10,1,0,0,0.0217,3,0.0052,2,0.0217,3
ABEV3,2017-10-11,1,0,0,0.0168,2,0.0082,2,0.0168,2
ABEV3,2017-10-13,0,1,0,0.0,0,0.0,0,0.0,0
ABEV3,2017-10-16,0,1,0,0.0,0,0.0,0,0.0,0
ABEV3,2017-10-17,0,1,0,0.0,0,0.0,0,0.0,0
ABEV3,2017-10-18,0,1,0,0.0,0,0.0,0,0.0,0
ABEV3,2017-10-19,0,1,0,0.0,0,0.0,0,0.0,0
ABEV3,2017-10-20,0,1,0,0.0,0,0.0,0,0.0,0
ABEV3,2017-10-23,0,1,0,0.0,0,0.0,0,0.0,0
ABEV3,2017-10-24,0,1,0,0.0,0,0.0,0,0.0,0
ABEV3,2017-10-25,0,1,0,0.0,0,0.0,0,0.0,0
ABEV3,2017-10-26,0,1,0,0.0,0,0.0,0,0.0,0
ABEV3,2017-10-27,0,1,0,0.0,0,0.0,0,0.0,0
ABEV3,2017-10-30,1,0,0,0.0626,88,0.0484,84,0.0626,88
ABEV3,2017-10-31,1,0,0,0.0592,87,0.0564,87,0.0592,87
ABEV3,2017-11-01,1,0,0,0.06,86,0.0544,84,0.06,86
ABEV3,2017-11-03,1,0,0,0.0651,85,0.0423,80,0.0651,85
ABEV3,2017-11-06,1,0,0,0.0668,84,0.0382,68,0.0668,84
ABEV3,2017-11-07,1,0,0,0.0306,37,0.0277,37,0.0712,83
ABEV3,2017-11-08,1,0,0,0.0147,9,0.0143,9,0.0767,82
ABEV3,2017-11-09,1,0,0,0.0227,23,0.0191,22,0.0729,81
ABEV3,2017-11-10,1,0,0,0.0229,22,0.0186,21,0.0731,80
ABEV3,2017-11-13,1,0,0,0.0123,5,0.0104,5,0.0756,79
ABEV3,2017-11-14,1,0,0,0.0111,4,0.0038,3,0.0743,78
ABEV3,2017-11-16,1,0,0,0.0119,3,0.0016,2,0.0752,77
ABEV3,2017-11-17,1,0,0,0.0091,2,0.0044,2,0.0718,76
ABEV3,2017-11-21,1,0,0,0.0261,29,0.0182,28,0.0697,90
ABEV3,2017-11-22,1,0,0,0.0255,28,0.0198,27,0.0691,89
ABEV3,2017-11-23,1,0,0,0.025,27,0.0214,26,0.0684,88
ABEV3,2017-11-24,1,0,0,0.0172,14,0.0172,14,0.0702,87
ABEV3,2017-11-27,1,0,0,0.0181,13,0.0145,12,0.0713,86
ABEV3,2017-11-28,1,0,0,0.0246,24,0.0224,24,0.068,85
ABEV3,2017-11-29,1,0,0,0.0609,69,0.0312,43,0.0644,84
ABEV3,2017-11-30,1,0,0,0.0198,10,0.0097,7,0.0732,83
ABEV3,2017-12-01,1,0,0,0.0074,3,0.0071,3,0.0743,82
ABEV3,2017-12-04,1,0,0,0.0067,2,0.0043,2,0.0735,81
ABEV3,2017-12-05,1,0,0,0.0197,7,0.0076,4,0.073,80
ABEV3,2017-12-06,1,0,0,0.0112,3,0.0027,3,0.075,79
ABEV3,2017-12-07,1,0,0,0.0092,2,0.0086,2,0.0726,78
ABEV3,2017-12-08,1,0,0,0.0114,3,0.0027,2,0.0676,77
ABEV3,2017-12-11,1,0,0,0.0072,2,0.0053,2,0.0627,76
ABEV3,2017-12-12,1,0,0,0.0098,2,0.0079,2,0.0617,75
ABEV3,2017-12-13,1,0,0,0.0484,59,0.0415,57,0.0518,74
ABEV3,2017-12-14,1,0,0,0.0189,12,0.0168,12,0.0617,73
ABEV3,2017-12-15,1,0,0,0.0223,11,0.0064,5,0.0655,72
ABEV3,2017-12-18,1,0,0,0.0212,10,0.0095,6,0.0642,71
ABEV3,2017-12-19,1,0,0,0.0215,9,0.0085,5,0.0646,70
ABEV3,2017-12-20,1,0,0,0.0073,2,0.0021,2,0.0653,69
ABEV3,2017-12-21,1,0,0,0.007,2,0.0048,2,0.0634,68
ABEV3,2017-12-22,1,0,0,0.0162,6,0.0083,5,0.0586,67
ABEV3,2017-12-26,1,0,0,0.0069,2,0.0057,2,0.0572,66
ABEV3,2017-12-27,1,0,0,0.011,4,0.0046,4,0.0528,65
ABEV3,2017-12-28,1,0,0,0.047,49,0.0107,22,0.0504,64
ABEV3,2018-01-02,1,0,0,0.0099,2,0.0077,2,0.0516,63
ABEV3,2018-01-03,1,0,0,0.0441,47,0.0056,8,0.0475,62
ABEV3,2018-01-04,1,0,0,0.0411,46,0.0261,42,0.0444,61
ABEV3,2018-01-05,1,0,0,0.0431,45,0.0081,18,0.0465,60
ABEV3,2018-01-08,1,0,0,0.0418,44,0.0116,18,0.0452,59
ABEV3,2018-01-09,1,0,0,0.0426,43,0.0096,17,0.0459,58
ABEV3,2018-01-10,1,0,0,0.0065,2,0.0005,2,0.0494,57
ABEV3,2018-01-11,1,0,0,0.0418,41,0.0111,15,0.0452,56
ABEV3,2018-01-12,1,0,0,0.042,40,0.0106,14,0.0454,55
ABEV3,2018-01-15,1,0,0,0.0435,39,0.0197,24,0.0469,54
ABEV3,2018-01-16,1,0,0,0.0037,2,0.0005,2,0.0431,53
ABEV3,2018-01-17,1,0,0,0.0375,37,0.0354,37,0.0408,52
ABEV3,2018-01-18,1,0,0,0.0379,36,0.0344,34,0.0412,51
ABEV3,2018-01-19,1,0,0,0.0401,50,0.0373,50,0.0401,50
ABEV3,2018-01-22,1,0,0,0.0384,34,0.033,32,0.0418,49
ABEV3,2018-01-23,1,0,0,0.0384,33,0.033,31,0.0418,48
ABEV3,2018-01-24,1,0,0,0.0373,32,0.0358,32,0.0407,47
ABEV3,2018-01-26,1,0,0,0.0381,31,0.0339,29,0.0414,46
ABEV3,2018-01-29,1,0,0,0.012,4,0.0055,3,0.0433,45
ABEV3,2018-01-30,1,0,0,0.0412,29,0.0257,25,0.0446,44
ABEV3,2018-01-31,1,0,0,0.0096,2,0.0015,2,0.0407,43
ABEV3,2018-02-01,0,0,0,0.0,0,0.0,0,0.0,0
ABEV3,2018-02-02,1,0,0,0.0401,41,0.0373,41,0.0401,41
ABEV3,2018-02-05,1,0,0,0.0351,23,0.0339,23,0.0414,40
ABEV3,2018-02-06,1,0,0,0.0203,9,0.0192,9,0.0471,39
ABEV3,2018-02-07,1,0,0,0.0379,21,0.0201,18,0.0442,38
ABEV3,2018-02-08,1,0,0,0.0373,20,0.0216,17,0.0437,37
ABEV3,2018-02-09,1,0,0,0.0173,5,0.0156,5,0.0459,36
ABEV3,2018-02-15,1,0,0,0.0088,5,0.0083,5,0.0348,35
ABEV3,2018-02-16,1,0,0,0.028,17,0.021,17,0.0342,34
ABEV3,2018-02-19,1,0,0,0.031,33,0.0296,33,0.031,33
ABEV3,2018-02-20,1,0,0,0.009,2,0.0034,2,0.035,32
ABEV3,2018-02-21,0,0,0,0.0,0,0.0,0,0.0,0
ABEV3,2018-02-22,1,0,0,0.0312,30,0.0291,30,0.0312,30
ABEV3,2018-02-23,1,0,0,0.0309,29,0.0301,29,0.0309,29
ABEV3,2018-02-26,1,0,0,0.0289,11,0.0186,9,0.0351,28
ABEV3,2018-02-27,1,0,0,0.0284,10,0.0113,7,0.0346,27
ABEV3,2018-02-28,1,0,0,0.0275,9,0.0137,7,0.0337,26
ABEV3,2018-03-01,0,0,0,0.0,0,0.0,0,0.0,0
ABEV3,2018-03-02,1,0,0,0.0092,2,0.0088,2,0.0351,24
ABEV3,2018-03-05,1,0,0,0.0259,6,0.001,2,0.0321,23
ABEV3,2018-03-06,1,0,0,0.0232,5,0.0058,2,0.0293,22
ABEV3,2018-03-07,1,0,0,0.0109,2,0.0043,2,0.0267,21
ABEV3,2018-03-08,1,0,0,0.0172,3,0.0005,2,0.0233,20
ABEV3,2018-03-09,1,0,0,0.0114,2,0.0047,2,0.0173,19
ABEV3,2018-03-12,1,0,0,0.0102,2,0.0051,2,0.016,18
ABEV3,2018-03-13,0,0,0,0.0,0,0.0,0,0.0,0
ABEV3,2018-03-14,0,0,0,0.0,0,0.0,0,0.0,0
ABEV3,2018-03-15,0,0,0,0.0,0,0.0,0,0.0,0
ABEV3,2018-03-16,0,0,0,0.0,0,0.0,0,0.0,0
ABEV3,2018-03-19,1,0,0,0.0084,3,0.007,3,0.0153,13
ABEV3,2018-03-20,0,0,0,0.0,0,0.0,0,0.0,0
ABEV3,2018-03-21,1,0,0,0.0065,2,0.0028,2,0.0132,11
ABEV3,2018-03-22,0,0,0,0.0,0,0.0,0,0.0,0
ABEV3,2018-03-23,1,0,0,0.0108,9,0.0078,9,0.0108,9
ABEV3,2018-03-26,0,0,0,0.0,0,0.0,0,0.0,0
ABEV3,2018-03-27,0,0,0,0.0,0,0.0,0,0.0,0
ABEV3,2018-03-28,1,0,0,0.0075,2,0.0032,2,0.0124,6
ABEV3,2018-03-29,1,0,0,0.0104,5,0.0027,3,0.0104,5
ABEV3,2018-04-02,0,0,0,0.0,0,0.0,0,0.0,0
ABEV3,2018-04-03,1,0,0,0.0091,3,0.0018,3,0.0091,3
ABEV3,2018-04-04,1,0,0,0.0093,2,0.0014,2,0.0093,2
ABEV3,2018-04-05,0,0,0,0.0,0,0.0,0,0.0,0
ABEV3,2018-04-06,0,0,0,0.0,0,0.0,0,0.0,0
ABEV3,2018-04-09,0,0,0,0.0,0,0.0,0,0.0,0
ABEV3,2018-04-10,1,0,0,0.0088,2,0.0065,2,0.0088,2
ABEV3,2018-04-11,0,0,0,0.0,0,0.0,0,0.0,0
ABEV3,2018-04-12,0,0,0,0.0,0,0.0,0,0.0,0
ABEV3,2018-04-13,0,0,0,0.0,0,0.0,0,0.0,0
ABEV3,2018-04-16,0,0,0,0.0,0,0.0,0,0.0,0
ABEV3,2018-04-17,0,0,0,0.0,0,0.0,0,0.0,0
ABEV3,2018-04-18,0,0,0,0.0,0,0.0,0,0.0,0
ABEV3,2018-04-19,1,0,0,0.0042,2,0.0033,2,0.0063,4
ABEV3,2018-04-20,0,0,0,0.0,0,0.0,0,0.0,0
ABEV3,2018-04-23,1,0,0,0.0048,2,0.0037,2,0.0048,2
ABEV3,2018-04-24,0,0,0,0.0,0,0.0,0,0.0,0
ABEV3,2018-04-25,1,0,0,0.0053,2,0.0052,2,0.0053,2
ABEV3,2018-04-26,0,0,0,0.0,0,0.0,0,0.0,0
ABEV3,2018-04-27,0,0,0,0.0,0,0.0,0,0.0,0
ABEV3,2018-04-30,0,0,0,0.0,0,0.0,0,0.0,0
ABEV3,2018-05-02,0,0,0,0.0,0,0.0,0,0.0,0
ABEV3,2018-05-03,0,0,0,0.0,0,0.0,0,0.0,0
ABEV3,2018-05-04,0,0,0,0.0,0,0.0,0,0.0,0
ABEV3,2018-05-07,0,0,0,0.0,0,0.0,0,0.0,0
ABEV3,2018-05-08,0,0,0,0.0,0,0.0,0,0.0,0
ABEV3,2018-05-09,0,0,0,0.0,0,0.0,0,0.0,0
ABEV3,2018-05-10,0,0,0,0.0,0,0.0,0,0.0,0
ABEV3,2018-05-11,0,0,0,0.0,0,0.0,0,0.0,0
ABEV3,2018-05-14,0,0,0,0.0,0,0.0,0,0.0,0
ABEV3,2018-05-15,0,0,0,0.0,0,0.0,0,0.0,0
ABEV3,2018-05-16,0,0,0,0.0,0,0.0,0,0.0,0
ABEV3,2018-05-17,0,0,0,0.0,0,0.0,0,0.0,0
ABEV3,2018-05-18,0,0,1,0.0,0,0.0,0,0.0,0
ABEV3,2018-05-21,0,0,1,0.0,0,0.0,0,0.0,0
ABEV3,2018-05-22,0,0,1,0.0,0,0.0,0,0.0,0
ABEV3,2018-05-23,0,0,1,0.0,0,0.0,0,0.0,0
ABEV3,2018-05-24,1,0,1,0.0075,2,0.0022,2,0.0075,2
ABEV3,2018-05-25,0,0,1,0.0,0,0.0,0,0.0,0
ABEV3,2018-05-28,0,0,1,0.0,0,0.0,0,0.0,0
ABEV3,2018-05-29,0,0,1,0.0,0,0.0,0,0.0,0
ABEV3,2018-05-30,1,0,1,0.0091,2,0.0061,2,0.013,3
ABEV3,2018-06-01,0,0,1,0.0,0,0.0,0,0.0,0
ABEV3,2018-06-04,0,0,1,0.0,0,0.0,0,0.0,0
ABEV3,2018-06-05,0,0,1,0.0,0,0.0,0,0.0,0
ABEV3,2018-06-06,0,0,1,0.0,0,0.0,0,0.0,0
ABEV3,2018-06-07,0,0,1,0.0,0,0.0,0,0.0,0
ABEV3,2018-06-08,0,0,1,0.0,0,0.0,0,0.0,0
ABEV3,2018-06-11,0,0,1,0.0,0,0.0,0,0.0,0
ABEV3,2018-06-12,0,0,1,0.0,0,0.0,0,0.0,0
ABEV3,2018-06-13,0,0,1,0.0,0,0.0,0,0.0,0
ABEV3,2018-06-14,0,0,1,0.0,0,0.0,0,0.0,0
ABEV3,2018-06-15,0,0,1,0.0,0,0.0,0,0.0,0
ABEV3,2018-06-18,1,0,1,0.0126,2,0.0083,2,0.0126,2
ABEV3,2018-06-19,1,0,1,0.0072,2,0.007,2,0.0072,2
ABEV3,2018-06-20,0,0,1,0.0,0,0.0,0,0.0,0
ABEV3,2018-06-21,0,0,1,0.0,0,0.0,0,0.0,0
ABEV3,2018-06-22,0,0,1,0.0,0,0.0,0,0.0,0
ABEV3,2018-06-25,0,0,1,0.0,0,0.0,0,0.0,0
ABEV3,2018-06-26,0,0,1,0.0,0,0.0,0,0.0,0
ABEV3,2018-06-27,1,0,1,0.0068,3,0.0054,3,0.0068,3
ABEV3,2018-06-28,1,0,1,0.007,2,0.0048,2,0.007,2
ABEV3,2018-06-29,0,0,1,0.0,0,0.0,0,0.0,0
