ticker,day,success_oper_flag,timeout_flag,end_of_interval_flag,best_risk,best_risk_days,min_risk,min_risk_days,max_risk,max_risk_days
BBAS3,2013-01-02,0,1,0,0.0,0,0.0,0,0.0,0
BBAS3,2013-01-03,1,0,0,0.0097,2,0.0026,2,0.0208,11
BBAS3,2013-01-04,0,1,0,0.0,0,0.0,0,0.0,0
BBAS3,2013-01-07,1,0,0,0.0104,2,0.0085,2,0.0143,9
BBAS3,2013-01-08,1,0,0,0.0135,5,0.0104,5,0.0148,8
BBAS3,2013-01-09,0,1,0,0.0,0,0.0,0,0.0,0
BBAS3,2013-01-10,0,1,0,0.0,0,0.0,0,0.0,0
BBAS3,2013-01-11,0,1,0,0.0,0,0.0,0,0.0,0
BBAS3,2013-01-14,1,0,0,0.0121,2,0.0013,2,0.0127,4
BBAS3,2013-01-15,1,0,0,0.0091,2,0.0013,2,0.0127,3
BBAS3,2013-01-16,1,0,0,0.0087,2,0.0019,2,0.0087,2
BBAS3,2013-01-17,0,1,0,0.0,0,0.0,0,0.0,0
BBAS3,2013-01-18,0,1,0,0.0,0,0.0,0,0.0,0
BBAS3,2013-01-21,0,1,0,0.0,0,0.0,0,0.0,0
BBAS3,2013-01-22,0,1,0,0.0,0,0.0,0,0.0,0
BBAS3,2013-01-23,0,1,0,0.0,0,0.0,0,0.0,0
BBAS3,2013-01-24,0,1,0,0.0,0,0.0,0,0.0,0
BBAS3,2013-01-28,0,1,0,0.0,0,0.0,0,0.0,0
BBAS3,2013-01-29,1,0,0,0.051,42,0.0501,42,0.0604,51
BBAS3,2013-01-30,0,1,0,0.0,0,0.0,0,0.0,0
BBAS3,2013-01-31,0,1,0,0.0,0,0.0,0,0.0,0
BBAS3,2013-02-01,1,0,0,0.043,24,0.0395,23,0.0647,48
BBAS3,2013-02-04,1,0,0,0.0382,18,0.0315,17,0.0681,47
BBAS3,2013-02-05,1,0,0,0.0438,17,0.017,11,0.074,46
BBAS3,2013-02-06,1,0,0,0.0385,16,0.0308,15,0.0683,45
BBAS3,2013-02-07,1,0,0,0.0427,15,0.017,9,0.0729,44
BBAS3,2013-02-08,1,0,0,0.0109,2,0.0036,2,0.0764,43
BBAS3,2013-02-13,1,0,0,0.0249,8,0.0205,8,0.0715,42
BBAS3,2013-02-14,1,0,0,0.0119,2,0.0079,2,0.0767,41
BBAS3,2013-02-15,1,0,0,0.0126,2,0.0064,2,0.0749,40
BBAS3,2013-02-18,1,0,0,0.0204,5,0.0132,4,0.0664,39
BBAS3,2013-02-19,1,0,0,0.0227,4,0.0042,3,0.0689,38
BBAS3,2013-02-20,1,0,0,0.0326,8,0.0213,6,0.062,37
BBAS3,2013-02-21,1,0,0,0.0235,7,0.0201,7,0.0522,36
BBAS3,2013-02-22,1,0,0,0.0207,6,0.016,6,0.0491,35
BBAS3,2013-02-25,1,0,0,0.0236,9,0.0231,9,0.0463,34
BBAS3,2013-02-26,1,0,0,0.0125,2,0.0081,2,0.0522,33
BBAS3,2013-02-27,1,0,0,0.0158,2,0.0013,2,0.0506,32
BBAS3,2013-02-28,1,0,0,0.0126,2,0.0013,2,0.0404,31
BBAS3,2013-03-01,1,0,0,0.0069,2,0.0051,2,0.0353,30
BBAS3,2013-03-04,1,0,0,0.0106,4,0.0096,4,0.0325,29
BBAS3,2013-03-05,1,0,0,0.0091,3,0.0025,2,0.0309,28
BBAS3,2013-03-06,1,0,0,0.0092,4,0.0088,4,0.0281,27
BBAS3,2013-03-07,1,0,0,0.0244,24,0.0244,24,0.0261,26
BBAS3,2013-03-08,1,0,0,0.009,2,0.0031,2,0.0279,25
BBAS3,2013-03-11,0,0,0,0.0,0,0.0,0,0.0,0
BBAS3,2013-03-12,0,0,0,0.0,0,0.0,0,0.0,0
BBAS3,2013-03-13,0,0,0,0.0,0,0.0,0,0.0,0
BBAS3,2013-03-14,1,0,0,0.0215,12,0.0133,12,0.0302,21
BBAS3,2013-03-15,1,0,0,0.0202,11,0.017,11,0.0288,20
BBAS3,2013-03-18,1,0,0,0.0215,10,0.0133,10,0.0302,19
BBAS3,2013-03-19,1,0,0,0.0215,9,0.0133,9,0.0302,18
BBAS3,2013-03-20,1,0,0,0.0086,2,0.0013,2,0.0297,17
BBAS3,2013-03-21,0,0,0,0.0,0,0.0,0,0.0,0
BBAS3,2013-03-22,0,0,0,0.0,0,0.0,0,0.0,0
BBAS3,2013-03-25,1,0,0,0.016,5,0.0118,5,0.0245,14
BBAS3,2013-03-26,1,0,0,0.0189,4,0.0013,2,0.0274,13
BBAS3,2013-03-27,1,0,0,0.0175,3,0.0006,2,0.0261,12
BBAS3,2013-03-28,0,0,0,0.0,0,0.0,0,0.0,0
BBAS3,2013-04-01,0,0,0,0.0,0,0.0,0,0.0,0
BBAS3,2013-04-02,0,0,0,0.0,0,0.0,0,0.0,0
BBAS3,2013-04-03,0,0,0,0.0,0,0.0,0,0.0,0
BBAS3,2013-04-04,0,0,0,0.0,0,0.0,0,0.0,0
BBAS3,2013-04-05,1,0,0,0.0287,4,0.0057,2,0.0304,6
BBAS3,2013-04-08,1,0,0,0.0211,3,0.0043,2,0.0227,5
BBAS3,2013-04-09,0,0,0,0.0,0,0.0,0,0.0,0
BBAS3,2013-04-10,0,0,0,0.0,0,0.0,0,0.0,0
BBAS3,2013-04-11,0,0,0,0.0,0,0.0,0,0.0,0
BBAS3,2013-04-12,0,0,0,0.0,0,0.0,0,0.0,0
BBAS3,2013-04-15,1,0,0,0.0094,2,0.0036,2,0.0094,2
BBAS3,2013-04-16,0,0,0,0.0,0,0.0,0,0.0,0
BBAS3,2013-04-17,0,0,0,0.0,0,0.0,0,0.0,0
BBAS3,2013-04-18,0,0,0,0.0,0,0.0,0,0.0,0
BBAS3,2013-04-19,0,0,0,0.0,0,0.0,0,0.0,0
BBAS3,2013-04-22,0,0,0,0.0,0,0.0,0,0.0,0
BBAS3,2013-04-23,0,0,0,0.0,0,0.0,0,0.0,0
BBAS3,2013-04-24,0,0,0,0.0,0,0.0,0,0.0,0
BBAS3,2013-04-25,0,0,0,0.0,0,0.0,0,0.0,0
BBAS3,2013-04-29,0,0,0,0.0,0,0.0,0,0.0,0
BBAS3,2013-04-30,1,0,0,0.031,20,0.0279,20,0.031,20
BBAS3,2013-05-02,0,0,0,0.0,0,0.0,0,0.0,0
BBAS3,2013-05-03,0,0,0,0.0,0,0.0,0,0.0,0
BBAS3,2013-05-06,1,0,0,0.0306,13,0.0201,11,0.0339,17
BBAS3,2013-05-07,1,0,0,0.0143,2,0.0074,2,0.0356,16
BBAS3,2013-05-08,0,0,0,0.0,0,0.0,0,0.0,0
BBAS3,2013-05-09,0,0,0,0.0,0,0.0,0,0.0,0
BBAS3,2013-05-10,0,0,0,0.0,0,0.0,0,0.0,0
BBAS3,2013-05-13,0,0,0,0.0,0,0.0,0,0.0,0
BBAS3,2013-05-14,1,0,0,0.0288,11,0.0284,11,0.0288,11
BBAS3,2013-05-15,1,0,0,0.0224,4,0.0193,4,0.0322,10
BBAS3,2013-05-16,1,0,0,0.0171,2,0.0067,2,0.0329,9
BBAS3,2013-05-17,1,0,0,0.0161,2,0.0013,2,0.0257,8
BBAS3,2013-05-20,1,0,0,0.0181,2,0.0013,2,0.0257,7
BBAS3,2013-05-21,0,0,0,0.0,0,0.0,0,0.0,0
BBAS3,2013-05-22,1,0,0,0.0117,5,0.0094,5,0.0117,5
BBAS3,2013-05-23,1,0,0,0.009,2,0.005,2,0.0124,4
BBAS3,2013-05-24,1,0,0,0.0085,3,0.0025,2,0.0085,3
BBAS3,2013-05-27,0,0,0,0.0,0,0.0,0,0.0,0
BBAS3,2013-05-28,0,0,0,0.0,0,0.0,0,0.0,0
BBAS3,2013-05-29,0,0,0,0.0,0,0.0,0,0.0,0
BBAS3,2013-05-31,0,0,0,0.0,0,0.0,0,0.0,0
BBAS3,2013-06-03,0,0,0,0.0,0,0.0,0,0.0,0
BBAS3,2013-06-04,0,0,0,0.0,0,0.0,0,0.0,0
BBAS3,2013-06-05,0,0,0,0.0,0,0.0,0,0.0,0
BBAS3,2013-06-06,0,0,0,0.0,0,0.0,0,0.0,0
BBAS3,2013-06-07,0,0,0,0.0,0,0.0,0,0.0,0
BBAS3,2013-06-10,0,1,0,0.0,0,0.0,0,0.0,0
BBAS3,2013-06-11,0,1,0,0.0,0,0.0,0,0.0,0
BBAS3,2013-06-12,0,1,0,0.0,0,0.0,0,0.0,0
BBAS3,2013-06-13,1,0,0,0.016,2,0.0029,2,0.1093,90
BBAS3,2013-06-14,0,1,0,0.0,0,0.0,0,0.0,0
BBAS3,2013-06-17,0,1,0,0.0,0,0.0,0,0.0,0
BBAS3,2013-06-18,0,1,0,0.0,0,0.0,0,0.0,0
BBAS3,2013-06-19,0,1,0,0.0,0,0.0,0,0.0,0
BBAS3,2013-06-20,1,0,0,0.1385,90,0.0719,63,0.1385,90
BBAS3,2013-06-21,1,0,0,0.1038,65,0.0547,54,0.1473,89
BBAS3,2013-06-24,1,0,0,0.017,2,0.004,2,0.15,83
BBAS3,2013-06-25,1,0,0,0.0184,4,0.0084,3,0.1483,90
BBAS3,2013-06-26,1,0,0,0.0181,3,0.0061,2,0.15,90
BBAS3,2013-06-27,1,0,0,0.0168,3,0.0099,3,0.15,89
BBAS3,2013-06-28,1,0,0,0.0152,2,0.0144,2,0.15,88
BBAS3,2013-07-01,1,0,0,0.0975,59,0.0684,56,0.15,87
BBAS3,2013-07-02,1,0,0,0.1429,87,0.0892,62,0.1429,87
BBAS3,2013-07-03,1,0,0,0.0347,11,0.0331,11,0.15,81
BBAS3,2013-07-04,1,0,0,0.0367,10,0.0278,9,0.15,79
BBAS3,2013-07-05,1,0,0,0.0334,8,0.0254,7,0.15,74
BBAS3,2013-07-08,1,0,0,0.0366,7,0.0144,3,0.15,73
BBAS3,2013-07-10,1,0,0,0.0125,2,0.004,2,0.15,72
BBAS3,2013-07-11,1,0,0,0.025,4,0.0032,2,0.15,76
BBAS3,2013-07-12,1,0,0,0.0246,4,0.0194,4,0.15,75
BBAS3,2013-07-15,1,0,0,0.02,2,0.0062,2,0.15,74
BBAS3,2013-07-16,1,0,0,0.0147,3,0.0119,3,0.1447,78
BBAS3,2013-07-17,1,0,0,0.0098,2,0.0051,2,0.138,77
BBAS3,2013-07-18,1,0,0,0.0112,3,0.0066,3,0.1363,76
BBAS3,2013-07-19,1,0,0,0.0102,2,0.0095,2,0.1349,75
BBAS3,2013-07-22,1,0,0,0.0124,2,0.0051,2,0.1349,74
BBAS3,2013-07-23,1,0,0,0.1207,72,0.0754,57,0.1226,73
BBAS3,2013-07-24,1,0,0,0.122,71,0.0728,47,0.1239,72
BBAS3,2013-07-25,1,0,0,0.0746,42,0.0647,42,0.1278,71
BBAS3,2013-07-29,1,0,0,0.0109,2,0.0044,2,0.1339,70
BBAS3,2013-07-30,1,0,0,0.0096,4,0.0043,3,0.1278,69
BBAS3,2013-07-31,1,0,0,0.0717,39,0.0714,39,0.1245,68
BBAS3,2013-08-01,1,0,0,0.0743,42,0.0741,42,0.1232,67
BBAS3,2013-08-02,1,0,0,0.1175,65,0.0819,54,0.1194,66
BBAS3,2013-08-05,1,0,0,0.12,64,0.0767,51,0.1219,65
BBAS3,2013-08-06,1,0,0,0.0811,35,0.0497,26,0.1352,64
BBAS3,2013-08-07,1,0,0,0.0321,4,0.0076,2,0.15,62
BBAS3,2013-08-08,1,0,0,0.0304,3,0.0023,2,0.15,61
BBAS3,2013-08-09,1,0,0,0.0186,2,0.0059,2,0.138,61
BBAS3,2013-08-12,1,0,0,0.012,2,0.0007,2,0.1285,60
BBAS3,2013-08-13,1,0,0,0.1112,58,0.0696,45,0.113,59
BBAS3,2013-08-14,1,0,0,0.066,29,0.0592,29,0.1181,58
BBAS3,2013-08-15,1,0,0,0.0646,28,0.0625,28,0.1165,57
BBAS3,2013-08-16,1,0,0,0.066,27,0.0592,27,0.1181,56
BBAS3,2013-08-19,1,0,0,0.0685,26,0.0532,23,0.121,55
BBAS3,2013-08-20,1,0,0,0.0489,16,0.0305,14,0.1318,54
BBAS3,2013-08-21,1,0,0,0.0324,9,0.0227,8,0.1356,53
BBAS3,2013-08-22,1,0,0,0.0319,8,0.0183,6,0.1349,52
BBAS3,2013-08-23,1,0,0,0.0246,7,0.0229,7,0.1255,51
BBAS3,2013-08-26,1,0,0,0.0407,12,0.0305,11,0.1219,50
BBAS3,2013-08-27,1,0,0,0.0202,3,0.0044,2,0.1342,49
BBAS3,2013-08-28,1,0,0,0.0153,2,0.0122,2,0.1278,48
BBAS3,2013-08-29,1,0,0,0.0205,3,0.005,2,0.1203,47
BBAS3,2013-08-30,1,0,0,0.0205,2,0.005,2,0.1203,46
BBAS3,2013-09-02,1,0,0,0.0247,7,0.0163,6,0.1024,45
BBAS3,2013-09-03,1,0,0,0.0485,15,0.0256,12,0.0983,44
BBAS3,2013-09-04,1,0,0,0.0274,5,0.0089,3,0.1057,43
BBAS3,2013-09-05,1,0,0,0.023,4,0.0088,2,0.1004,42
BBAS3,2013-09-06,1,0,0,0.0175,3,0.0053,2,0.0937,41
BBAS3,2013-09-09,1,0,0,0.0417,11,0.0093,6,0.0906,40
BBAS3,2013-09-10,1,0,0,0.0341,10,0.0292,10,0.0821,39
BBAS3,2013-09-11,1,0,0,0.0556,28,0.0428,26,0.0763,38
BBAS3,2013-09-12,1,0,0,0.0536,27,0.0477,27,0.0742,37
BBAS3,2013-09-13,1,0,0,0.026,4,0.0183,4,0.0867,36
BBAS3,2013-09-16,1,0,0,0.0184,3,0.0167,3,0.0778,35
BBAS3,2013-09-17,1,0,0,0.0195,2,0.0135,2,0.0792,34
BBAS3,2013-09-18,1,0,0,0.0159,2,0.0038,2,0.0737,33
BBAS3,2013-09-19,1,0,0,0.016,3,0.0055,3,0.0616,32
BBAS3,2013-09-20,1,0,0,0.0159,6,0.0128,6,0.0578,31
BBAS3,2013-09-23,1,0,0,0.0159,5,0.0128,5,0.0578,30
BBAS3,2013-09-24,1,0,0,0.0159,4,0.0128,4,0.0578,29
BBAS3,2013-09-25,1,0,0,0.051,27,0.0144,14,0.0526,28
BBAS3,2013-09-26,1,0,0,0.0327,17,0.0138,13,0.0521,27
BBAS3,2013-09-27,1,0,0,0.0338,16,0.0084,6,0.0533,26
BBAS3,2013-09-30,1,0,0,0.0113,5,0.0084,5,0.0533,25
BBAS3,2013-10-01,1,0,0,0.0292,14,0.0208,12,0.0484,24
BBAS3,2013-10-02,1,0,0,0.0092,3,0.006,3,0.051,23
BBAS3,2013-10-03,1,0,0,0.03,12,0.0101,6,0.0494,22
BBAS3,2013-10-04,1,0,0,0.0296,11,0.0072,4,0.0489,21
BBAS3,2013-10-07,1,0,0,0.0268,10,0.0148,8,0.046,20
BBAS3,2013-10-08,1,0,0,0.0253,9,0.0189,8,0.0444,19
BBAS3,2013-10-09,1,0,0,0.0091,2,0.0036,2,0.048,18
BBAS3,2013-10-10,1,0,0,0.0234,7,0.0053,3,0.0424,17
BBAS3,2013-10-11,1,0,0,0.021,6,0.0087,4,0.0398,16
BBAS3,2013-10-14,1,0,0,0.0162,3,0.0006,2,0.0428,15
BBAS3,2013-10-15,1,0,0,0.0096,2,0.0092,2,0.0357,14
BBAS3,2013-10-16,1,0,0,0.0153,3,0.0029,2,0.0338,13
BBAS3,2013-10-17,1,0,0,0.0176,7,0.0107,6,0.0276,12
BBAS3,2013-10-18,0,0,0,0.0,0,0.0,0,0.0,0
BBAS3,2013-10-21,1,0,0,0.0194,10,0.0182,10,0.0194,10
BBAS3,2013-10-22,1,0,0,0.0122,4,0.0111,4,0.022,9
BBAS3,2013-10-23,1,0,0,0.0124,3,0.0044,2,0.0222,8
BBAS3,2013-10-24,1,0,0,0.0126,2,0.0017,2,0.0224,7
BBAS3,2013-10-25,1,0,0,0.0071,2,0.0027,2,0.0183,6
BBAS3,2013-10-28,0,0,0,0.0,0,0.0,0,0.0,0
BBAS3,2013-10-29,1,0,0,0.0136,3,0.0033,2,0.015,4
BBAS3,2013-10-30,1,0,0,0.0125,2,0.0005,2,0.0139,3
BBAS3,2013-10-31,1,0,0,0.0104,2,0.0027,2,0.0104,2
BBAS3,2013-11-01,0,0,0,0.0,0,0.0,0,0.0,0
BBAS3,2013-11-04,0,0,0,0.0,0,0.0,0,0.0,0
BBAS3,2013-11-05,0,0,0,0.0,0,0.0,0,0.0,0
BBAS3,2013-11-06,0,0,0,0.0,0,0.0,0,0.0,0
BBAS3,2013-11-07,0,0,0,0.0,0,0.0,0,0.0,0
BBAS3,2013-11-08,0,0,0,0.0,0,0.0,0,0.0,0
BBAS3,2013-11-11,0,0,0,0.0,0,0.0,0,0.0,0
BBAS3,2013-11-12,0,0,0,0.0,0,0.0,0,0.0,0
BBAS3,2013-11-13,0,0,0,0.0,0,0.0,0,0.0,0
BBAS3,2013-11-14,0,0,0,0.0,0,0.0,0,0.0,0
BBAS3,2013-11-18,0,0,0,0.0,0,0.0,0,0.0,0
BBAS3,2013-11-19,0,0,0,0.0,0,0.0,0,0.0,0
BBAS3,2013-11-21,0,0,0,0.0,0,0.0,0,0.0,0
BBAS3,2013-11-22,0,0,0,0.0,0,0.0,0,0.0,0
BBAS3,2013-11-25,0,0,0,0.0,0,0.0,0,0.0,0
BBAS3,2013-11-26,1,0,0,0.0227,2,0.0032,2,0.0275,5
BBAS3,2013-11-27,0,0,0,0.0,0,0.0,0,0.0,0
BBAS3,2013-11-28,0,0,0,0.0,0,0.0,0,0.0,0
BBAS3,2013-11-29,0,0,0,0.0,0,0.0,0,0.0,0
BBAS3,2013-12-02,0,0,0,0.0,0,0.0,0,0.0,0
BBAS3,2013-12-03,0,0,0,0.0,0,0.0,0,0.0,0
BBAS3,2013-12-04,0,0,0,0.0,0,0.0,0,0.0,0
BBAS3,2013-12-05,0,0,0,0.0,0,0.0,0,0.0,0
BBAS3,2013-12-06,0,0,0,0.0,0,0.0,0,0.0,0
BBAS3,2013-12-09,0,0,0,0.0,0,0.0,0,0.0,0
BBAS3,2013-12-10,0,0,0,0.0,0,0.0,0,0.0,0
BBAS3,2013-12-11,0,0,0,0.0,0,0.0,0,0.0,0
BBAS3,2013-12-12,0,0,0,0.0,0,0.0,0,0.0,0
BBAS3,2013-12-13,1,0,0,0.0117,6,0.0038,6,0.0117,6
BBAS3,2013-12-16,0,0,0,0.0,0,0.0,0,0.0,0
BBAS3,2013-12-17,1,0,0,0.0059,2,0.0019,2,0.0059,2
BBAS3,2013-12-18,0,0,0,0.0,0,0.0,0,0.0,0
BBAS3,2013-12-19,0,0,0,0.0,0,0.0,0,0.0,0
BBAS3,2013-12-20,0,0,0,0.0,0,0.0,0,0.0,0
BBAS3,2013-12-23,0,0,0,0.0,0,0.0,0,0.0,0
BBAS3,2013-12-26,0,0,0,0.0,0,0.0,0,0.0,0
BBAS3,2013-12-27,0,0,0,0.0,0,0.0,0,0.0,0
BBAS3,2013-12-30,0,0,0,0.0,0,0.0,0,0.0,0
BBAS3,2014-01-02,0,0,0,0.0,0,0.0,0,0.0,0
BBAS3,2014-01-03,0,0,0,0.0,0,0.0,0,0.0,0
BBAS3,2014-01-06,0,0,0,0.0,0,0.0,0,0.0,0
BBAS3,2014-01-07,0,0,0,0.0,0,0.0,0,0.0,0
BBAS3,2014-01-08,0,0,0,0.0,0,0.0,0,0.0,0
BBAS3,2014-01-09,0,0,0,0.0,0,0.0,0,0.0,0
BBAS3,2014-01-10,1,0,0,0.0171,3,0.013,3,0.018,4
BBAS3,2014-01-13,0,0,0,0.0,0,0.0,0,0.0,0
BBAS3,2014-01-14,1,0,0,0.0124,2,0.0074,2,0.0124,2
BBAS3,2014-01-15,0,0,0,0.0,0,0.0,0,0.0,0
BBAS3,2014-01-16,0,0,0,0.0,0,0.0,0,0.0,0
BBAS3,2014-01-17,0,0,0,0.0,0,0.0,0,0.0,0
BBAS3,2014-01-20,0,0,0,0.0,0,0.0,0,0.0,0
BBAS3,2014-01-21,0,0,0,0.0,0,0.0,0,0.0,0
BBAS3,2014-01-22,0,0,0,0.0,0,0.0,0,0.0,0
BBAS3,2014-01-23,0,1,0,0.0,0,0.0,0,0.0,0
BBAS3,2014-01-24,0,1,0,0.0,0,0.0,0,0.0,0
BBAS3,2014-01-27,1,0,0,0.0108,2,0.0094,2,0.0108,2
BBAS3,2014-01-28,0,1,0,0.0,0,0.0,0,0.0,0
BBAS3,2014-01-29,0,1,0,0.0,0,0.0,0,0.0,0
BBAS3,2014-01-30,1,0,0,0.0341,9,0.0203,6,0.1124,90
BBAS3,2014-01-31,1,0,0,0.0135,2,0.0046,2,0.125,90
BBAS3,2014-02-03,1,0,0,0.029,7,0.0267,7,0.1166,90
BBAS3,2014-02-04,1,0,0,0.0221,3,0.0008,2,0.1237,89
BBAS3,2014-02-05,1,0,0,0.0255,5,0.0243,5,0.1123,88
BBAS3,2014-02-06,1,0,0,0.0208,3,0.0103,2,0.1116,87
BBAS3,2014-02-07,0,1,0,0.0,0,0.0,0,0.0,0
BBAS3,2014-02-10,1,0,0,0.016,2,0.0079,2,0.016,2
BBAS3,2014-02-11,0,1,0,0.0,0,0.0,0,0.0,0
BBAS3,2014-02-12,0,1,0,0.0,0,0.0,0,0.0,0
BBAS3,2014-02-13,1,0,0,0.1106,82,0.0894,79,0.1106,82
BBAS3,2014-02-14,1,0,0,0.1087,81,0.0934,79,0.1087,81
BBAS3,2014-02-17,1,0,0,0.0931,35,0.0793,35,0.1156,80
BBAS3,2014-02-18,1,0,0,0.0937,34,0.0779,33,0.1162,79
BBAS3,2014-02-19,1,0,0,0.1088,33,0.0453,25,0.1321,78
BBAS3,2014-02-20,1,0,0,0.0134,2,0.0015,2,0.1346,77
BBAS3,2014-02-21,1,0,0,0.0959,31,0.0731,30,0.1186,76
BBAS3,2014-02-24,1,0,0,0.1008,30,0.0626,26,0.1237,75
BBAS3,2014-02-25,1,0,0,0.1112,29,0.0178,6,0.1346,74
BBAS3,2014-02-26,1,0,0,0.1071,28,0.049,20,0.1303,73
BBAS3,2014-02-27,1,0,0,0.0167,2,0.0008,2,0.1399,90
BBAS3,2014-02-28,1,0,0,0.0959,26,0.0731,25,0.1278,90
BBAS3,2014-03-05,1,0,0,0.0915,25,0.0827,25,0.1255,90
BBAS3,2014-03-06,1,0,0,0.11,69,0.0907,66,0.1248,90
BBAS3,2014-03-07,1,0,0,0.1002,23,0.064,19,0.15,90
BBAS3,2014-03-10,1,0,0,0.1078,22,0.0475,14,0.15,89
BBAS3,2014-03-11,1,0,0,0.1044,21,0.0548,16,0.15,88
BBAS3,2014-03-12,1,0,0,0.1168,20,0.0281,7,0.15,84
BBAS3,2014-03-13,1,0,0,0.1091,19,0.0446,11,0.15,86
BBAS3,2014-03-14,1,0,0,0.0302,5,0.0289,5,0.15,83
BBAS3,2014-03-17,1,0,0,0.0345,4,0.0174,4,0.15,80
BBAS3,2014-03-18,1,0,0,0.0363,3,0.0127,2,0.15,79
BBAS3,2014-03-19,1,0,0,0.0331,2,0.0031,2,0.15,79
BBAS3,2014-03-20,0,1,0,0.0,0,0.0,0,0.0,0
BBAS3,2014-03-21,1,0,0,0.0417,5,0.0007,2,0.15,81
BBAS3,2014-03-24,1,0,0,0.0291,4,0.0179,4,0.1499,83
BBAS3,2014-03-25,1,0,0,0.0317,3,0.0043,2,0.15,82
BBAS3,2014-03-26,1,0,0,0.0273,2,0.0071,2,0.1475,81
BBAS3,2014-03-27,0,1,0,0.0,0,0.0,0,0.0,0
BBAS3,2014-03-28,1,0,0,0.0497,8,0.022,7,0.1164,79
BBAS3,2014-03-31,1,0,0,0.1216,78,0.0162,39,0.1216,78
BBAS3,2014-04-01,1,0,0,0.0164,2,0.0079,2,0.1102,77
BBAS3,2014-04-02,1,0,0,0.0246,12,0.002,11,0.1123,76
BBAS3,2014-04-03,1,0,0,0.0296,4,0.029,4,0.0929,75
BBAS3,2014-04-04,1,0,0,0.0913,74,0.0817,71,0.0913,74
BBAS3,2014-04-07,1,0,0,0.0265,2,0.0056,2,0.0892,73
BBAS3,2014-04-08,0,1,0,0.0,0,0.0,0,0.0,0
BBAS3,2014-04-09,1,0,0,0.0884,71,0.088,71,0.0961,90
BBAS3,2014-04-10,1,0,0,0.0992,70,0.0646,65,0.1105,90
BBAS3,2014-04-11,1,0,0,0.0116,2,0.0039,2,0.1148,89
BBAS3,2014-04-14,1,0,0,0.0916,68,0.0811,65,0.1146,90
BBAS3,2014-04-15,1,0,0,0.0997,67,0.0634,61,0.126,90
BBAS3,2014-04-16,1,0,0,0.0241,13,0.0237,13,0.1484,90
BBAS3,2014-04-17,1,0,0,0.0178,2,0.0058,2,0.15,89
BBAS3,2014-04-22,1,0,0,0.1655,90,0.088,64,0.15,90
BBAS3,2014-04-23,1,0,0,0.1634,89,0.0919,82,0.15,89
BBAS3,2014-04-24,1,0,0,0.1665,88,0.0863,62,0.15,88
BBAS3,2014-04-25,1,0,0,0.0219,7,0.0217,7,0.15,86
BBAS3,2014-04-28,1,0,0,0.0151,2,0.0116,2,0.15,84
BBAS3,2014-04-29,1,0,0,0.1715,85,0.077,55,0.15,85
BBAS3,2014-04-30,1,0,0,0.169,84,0.0817,55,0.15,84
BBAS3,2014-05-02,1,0,0,0.102,57,0.0586,49,0.15,81
BBAS3,2014-05-05,1,0,0,0.0135,2,0.0025,2,0.15,82
BBAS3,2014-05-06,1,0,0,0.1585,81,0.1009,77,0.15,81
BBAS3,2014-05-07,1,0,0,0.1585,80,0.1009,76,0.15,80
BBAS3,2014-05-08,1,0,0,0.1598,80,0.124,79,0.15,80
BBAS3,2014-05-09,1,0,0,0.1634,78,0.0919,71,0.15,78
BBAS3,2014-05-12,1,0,0,0.0076,3,0.0063,3,0.15,77
BBAS3,2014-05-13,1,0,0,0.1693,76,0.0811,47,0.15,76
BBAS3,2014-05-14,1,0,0,0.0098,5,0.0094,5,0.15,75
BBAS3,2014-05-15,1,0,0,0.1665,74,0.0863,48,0.15,74
BBAS3,2014-05-16,1,0,0,0.1658,73,0.0874,47,0.15,73
BBAS3,2014-05-19,1,0,0,0.1637,72,0.0914,65,0.15,72
BBAS3,2014-05-20,1,0,0,0.1668,71,0.0857,45,0.15,71
BBAS3,2014-05-21,1,0,0,0.168,70,0.0834,43,0.15,70
BBAS3,2014-05-22,1,0,0,0.0158,2,0.0081,2,0.15,65
BBAS3,2014-05-23,1,0,0,0.0633,16,0.0314,12,0.15,66
BBAS3,2014-05-26,1,0,0,0.0149,2,0.0054,2,0.15,65
BBAS3,2014-05-27,1,0,0,0.0185,2,0.0067,2,0.15,64
BBAS3,2014-05-28,1,0,0,0.0151,2,0.0046,2,0.15,63
BBAS3,2014-05-29,1,0,0,0.0423,10,0.0362,9,0.15,64
BBAS3,2014-05-30,1,0,0,0.0452,8,0.0136,6,0.15,61
BBAS3,2014-06-02,1,0,0,0.046,7,0.0117,5,0.15,60
BBAS3,2014-06-03,1,0,0,0.0465,6,0.0104,4,0.15,59
BBAS3,2014-06-04,1,0,0,0.0447,5,0.0039,2,0.15,58
BBAS3,2014-06-05,1,0,0,0.0309,3,0.0058,2,0.15,57
BBAS3,2014-06-06,1,0,0,0.0257,4,0.0224,4,0.15,58
BBAS3,2014-06-09,1,0,0,0.0224,2,0.0043,2,0.15,57
BBAS3,2014-06-10,1,0,0,0.0184,2,0.0065,2,0.15,57
BBAS3,2014-06-11,1,0,0,0.0112,3,0.0063,3,0.15,57
BBAS3,2014-06-13,1,0,0,0.0114,2,0.0057,2,0.15,56
BBAS3,2014-06-16,1,0,0,0.1529,56,0.082,51,0.15,56
BBAS3,2014-06-17,1,0,0,0.1483,55,0.0907,52,0.1483,55
BBAS3,2014-06-18,1,0,0,0.1546,54,0.0789,49,0.15,54
BBAS3,2014-06-20,1,0,0,0.162,52,0.0549,24,0.15,52
BBAS3,2014-06-23,1,0,0,0.162,51,0.0549,23,0.15,51
BBAS3,2014-06-24,1,0,0,0.0064,2,0.0017,2,0.15,50
BBAS3,2014-06-25,1,0,0,0.1592,49,0.0603,40,0.15,49
BBAS3,2014-06-26,1,0,0,0.1615,48,0.056,20,0.15,48
BBAS3,2014-06-27,1,0,0,0.0536,16,0.0444,15,0.15,47
BBAS3,2014-06-30,1,0,0,0.0565,15,0.0371,14,0.15,45
BBAS3,2014-07-01,1,0,0,0.0575,14,0.0348,12,0.15,44
BBAS3,2014-07-02,1,0,0,0.0598,13,0.0291,8,0.15,43
BBAS3,2014-07-03,0,1,0,0.0,0,0.0,0,0.0,0
BBAS3,2014-07-04,1,0,0,0.0263,4,0.0042,3,0.15,41
BBAS3,2014-07-07,1,0,0,0.0263,3,0.0042,2,0.15,40
BBAS3,2014-07-08,1,0,0,0.1321,70,0.0065,62,0.1321,70
BBAS3,2014-07-10,1,0,0,0.0183,3,0.0069,2,0.15,39
BBAS3,2014-07-11,1,0,0,0.0118,2,0.0051,2,0.15,39
BBAS3,2014-07-14,1,0,0,0.0278,5,0.0028,2,0.1456,38
BBAS3,2014-07-15,1,0,0,0.0239,4,0.0027,2,0.1404,37
BBAS3,2014-07-16,1,0,0,0.0208,3,0.0054,3,0.1363,36
BBAS3,2014-07-17,1,0,0,0.0198,2,0.0081,2,0.135,35
BBAS3,2014-07-18,1,0,0,0.1144,34,0.0543,29,0.1144,34
BBAS3,2014-07-21,1,0,0,0.0129,2,0.0058,2,0.1196,33
BBAS3,2014-07-22,1,0,0,0.1067,32,0.0706,29,0.1067,32
BBAS3,2014-07-23,1,0,0,0.0149,2,0.0093,2,0.1128,31
BBAS3,2014-07-24,1,0,0,0.101,30,0.0827,29,0.101,30
BBAS3,2014-07-25,1,0,0,0.0964,29,0.0923,29,0.0964,29
BBAS3,2014-07-28,1,0,0,0.101,28,0.0827,27,0.101,28
BBAS3,2014-07-29,1,0,0,0.1067,27,0.0706,24,0.1067,27
BBAS3,2014-07-30,1,0,0,0.108,25,0.0582,23,0.1126,26
BBAS3,2014-07-31,1,0,0,0.114,24,0.0454,20,0.1186,25
BBAS3,2014-08-01,1,0,0,0.1242,23,0.0235,12,0.129,24
BBAS3,2014-08-04,1,0,0,0.0115,2,0.0114,2,0.1348,23
BBAS3,2014-08-05,1,0,0,0.1211,21,0.0064,2,0.1258,22
BBAS3,2014-08-06,1,0,0,0.1201,20,0.0286,11,0.1249,21
BBAS3,2014-08-07,1,0,0,0.1105,19,0.0492,15,0.1151,20
BBAS3,2014-08-08,1,0,0,0.125,18,0.0182,6,0.1298,19
BBAS3,2014-08-11,1,0,0,0.1287,17,0.0011,2,0.1335,18
BBAS3,2014-08-12,1,0,0,0.1242,16,0.0123,3,0.129,17
BBAS3,2014-08-13,1,0,0,0.1218,15,0.0175,3,0.1266,16
BBAS3,2014-08-14,0,0,0,0.0,0,0.0,0,0.0,0
BBAS3,2014-08-15,1,0,0,0.1066,13,0.0092,2,0.1112,14
BBAS3,2014-08-18,1,0,0,0.0932,12,0.0289,8,0.0977,13
BBAS3,2014-08-19,1,0,0,0.0168,2,0.0025,2,0.1072,12
BBAS3,2014-08-20,1,0,0,0.0888,10,0.0054,2,0.0933,11
BBAS3,2014-08-21,1,0,0,0.0851,9,0.0054,3,0.0895,10
BBAS3,2014-08-22,1,0,0,0.0835,8,0.0073,2,0.0879,9
BBAS3,2014-08-25,1,0,0,0.0819,7,0.001,2,0.0862,8
BBAS3,2014-08-26,1,0,0,0.0225,2,0.009,2,0.0759,7
BBAS3,2014-08-27,1,0,0,0.0381,3,0.0019,2,0.0689,6
BBAS3,2014-08-28,1,0,0,0.0253,2,0.0049,2,0.055,5
BBAS3,2014-08-29,1,0,0,0.0292,2,0.0004,2,0.0482,4
BBAS3,2014-09-01,0,0,0,0.0,0,0.0,0,0.0,0
BBAS3,2014-09-02,1,0,0,0.0219,2,0.0033,2,0.0219,2
BBAS3,2014-09-03,0,0,0,0.0,0,0.0,0,0.0,0
BBAS3,2014-09-04,0,0,0,0.0,0,0.0,0,0.0,0
BBAS3,2014-09-05,0,0,0,0.0,0,0.0,0,0.0,0
BBAS3,2014-09-08,0,0,0,0.0,0,0.0,0,0.0,0
BBAS3,2014-09-09,0,0,0,0.0,0,0.0,0,0.0,0
BBAS3,2014-09-10,0,0,0,0.0,0,0.0,0,0.0,0
BBAS3,2014-09-11,0,0,0,0.0,0,0.0,0,0.0,0
BBAS3,2014-09-12,1,0,0,0.0256,3,0.0256,3,0.0341,4
BBAS3,2014-09-15,1,0,0,0.0285,2,0.0178,2,0.0371,3
BBAS3,2014-09-16,0,0,0,0.0,0,0.0,0,0.0,0
BBAS3,2014-09-17,0,0,0,0.0,0,0.0,0,0.0,0
BBAS3,2014-09-18,0,0,0,0.0,0,0.0,0,0.0,0
BBAS3,2014-09-19,0,0,0,0.0,0,0.0,0,0.0,0
BBAS3,2014-09-22,0,0,0,0.0,0,0.0,0,0.0,0
BBAS3,2014-09-23,0,0,0,0.0,0,0.0,0,0.0,0
BBAS3,2014-09-24,0,0,0,0.0,0,0.0,0,0.0,0
BBAS3,2014-09-25,0,0,0,0.0,0,0.0,0,0.0,0
BBAS3,2014-09-26,0,0,0,0.0,0,0.0,0,0.0,0
BBAS3,2014-09-29,0,0,0,0.0,0,0.0,0,0.0,0
BBAS3,2014-09-30,0,0,0,0.0,0,0.0,0,0.0,0
BBAS3,2014-10-01,1,0,0,0.0815,4,0.0239,4,0.124,10
BBAS3,2014-10-02,1,0,0,0.0593,3,0.0529,3,0.0995,9
BBAS3,2014-10-03,1,0,0,0.0684,2,0.0192,2,0.1095,8
BBAS3,2014-10-06,0,0,0,0.0,0,0.0,0,0.0,0
BBAS3,2014-10-07,1,0,0,0.0487,5,0.0152,3,0.052,6
BBAS3,2014-10-08,0,0,0,0.0,0,0.0,0,0.0,0
BBAS3,2014-10-09,1,0,0,0.0327,3,0.0273,3,0.0359,4
BBAS3,2014-10-10,0,0,0,0.0,0,0.0,0,0.0,0
BBAS3,2014-10-13,1,0,0,0.0306,2,0.0046,2,0.0306,2
BBAS3,2014-10-14,0,0,0,0.0,0,0.0,0,0.0,0
BBAS3,2014-10-15,0,0,0,0.0,0,0.0,0,0.0,0
BBAS3,2014-10-16,1,0,0,0.0189,2,0.0048,2,0.0189,2
BBAS3,2014-10-17,0,0,0,0.0,0,0.0,0,0.0,0
BBAS3,2014-10-20,0,0,0,0.0,0,0.0,0,0.0,0
BBAS3,2014-10-21,0,0,0,0.0,0,0.0,0,0.0,0
BBAS3,2014-10-22,0,0,0,0.0,0,0.0,0,0.0,0
BBAS3,2014-10-23,0,0,0,0.0,0,0.0,0,0.0,0
BBAS3,2014-10-24,1,0,0,0.0452,8,0.0389,8,0.0756,21
BBAS3,2014-10-27,1,0,0,0.0921,20,0.0274,18,0.0921,20
BBAS3,2014-10-28,1,0,0,0.0275,3,0.0222,3,0.0728,19
BBAS3,2014-10-29,1,0,0,0.0252,3,0.0252,3,0.0365,5
BBAS3,2014-10-30,0,0,0,0.0,0,0.0,0,0.0,0
BBAS3,2014-10-31,0,0,0,0.0,0,0.0,0,0.0,0
BBAS3,2014-11-03,0,0,0,0.0,0,0.0,0,0.0,0
BBAS3,2014-11-04,0,0,0,0.0,0,0.0,0,0.0,0
BBAS3,2014-11-05,0,0,0,0.0,0,0.0,0,0.0,0
BBAS3,2014-11-06,0,0,0,0.0,0,0.0,0,0.0,0
BBAS3,2014-11-07,1,0,0,0.0725,11,0.0722,11,0.0725,11
BBAS3,2014-11-10,0,0,0,0.0,0,0.0,0,0.0,0
BBAS3,2014-11-11,1,0,0,0.0849,9,0.0439,8,0.0849,9
BBAS3,2014-11-12,1,0,0,0.0861,8,0.0041,2,0.0861,8
BBAS3,2014-11-13,0,0,0,0.0,0,0.0,0,0.0,0
BBAS3,2014-11-14,1,0,0,0.0849,6,0.0439,5,0.0849,6
BBAS3,2014-11-17,1,0,0,0.0619,4,0.0144,3,0.0772,5
BBAS3,2014-11-18,1,0,0,0.061,3,0.0126,2,0.0763,4
BBAS3,2014-11-19,0,0,0,0.0,0,0.0,0,0.0,0
BBAS3,2014-11-21,0,0,0,0.0,0,0.0,0,0.0,0
BBAS3,2014-11-24,0,0,0,0.0,0,0.0,0,0.0,0
BBAS3,2014-11-25,0,0,0,0.0,0,0.0,0,0.0,0
BBAS3,2014-11-26,0,0,0,0.0,0,0.0,0,0.0,0
BBAS3,2014-11-27,0,0,0,0.0,0,0.0,0,0.0,0
BBAS3,2014-11-28,0,0,0,0.0,0,0.0,0,0.0,0
BBAS3,2014-12-01,0,0,0,0.0,0,0.0,0,0.0,0
BBAS3,2014-12-02,0,0,0,0.0,0,0.0,0,0.0,0
BBAS3,2014-12-03,0,0,0,0.0,0,0.0,0,0.0,0
BBAS3,2014-12-04,0,0,0,0.0,0,0.0,0,0.0,0
BBAS3,2014-12-05,0,0,0,0.0,0,0.0,0,0.0,0
BBAS3,2014-12-08,0,0,0,0.0,0,0.0,0,0.0,0
BBAS3,2014-12-09,0,0,0,0.0,0,0.0,0,0.0,0
BBAS3,2014-12-10,0,0,0,0.0,0,0.0,0,0.0,0
BBAS3,2014-12-11,0,0,0,0.0,0,0.0,0,0.0,0
BBAS3,2014-12-12,0,0,0,0.0,0,0.0,0,0.0,0
BBAS3,2014-12-15,0,0,0,0.0,0,0.0,0,0.0,0
BBAS3,2014-12-16,1,0,0,0.0292,2,0.0159,2,0.0992,86
BBAS3,2014-12-17,1,0,0,0.0377,2,0.0092,2,0.0952,85
BBAS3,2014-12-18,0,0,0,0.0,0,0.0,0,0.0,0
BBAS3,2014-12-19,0,0,0,0.0,0,0.0,0,0.0,0
BBAS3,2014-12-22,0,0,0,0.0,0,0.0,0,0.0,0
BBAS3,2014-12-23,0,0,0,0.0,0,0.0,0,0.0,0
BBAS3,2014-12-26,0,0,0,0.0,0,0.0,0,0.0,0
BBAS3,2014-12-29,0,0,0,0.0,0,0.0,0,0.0,0
BBAS3,2014-12-30,0,0,0,0.0,0,0.0,0,0.0,0
BBAS3,2015-01-02,0,0,0,0.0,0,0.0,0,0.0,0
BBAS3,2015-01-05,0,1,0,0.0,0,0.0,0,0.0,0
BBAS3,2015-01-06,1,0,0,0.0277,2,0.0109,2,0.0277,2
BBAS3,2015-01-07,1,0,0,0.015,2,0.0087,2,0.015,2
BBAS3,2015-01-08,0,0,0,0.0,0,0.0,0,0.0,0
BBAS3,2015-01-09,0,0,0,0.0,0,0.0,0,0.0,0
BBAS3,2015-01-12,0,1,0,0.0,0,0.0,0,0.0,0
BBAS3,2015-01-13,0,1,0,0.0,0,0.0,0,0.0,0
BBAS3,2015-01-14,1,0,0,0.0159,2,0.0118,2,0.1085,78
BBAS3,2015-01-15,0,1,0,0.0,0,0.0,0,0.0,0
BBAS3,2015-01-16,0,1,0,0.0,0,0.0,0,0.0,0
BBAS3,2015-01-19,1,0,0,0.0141,4,0.0122,4,0.0141,4
BBAS3,2015-01-20,0,1,0,0.0,0,0.0,0,0.0,0
BBAS3,2015-01-21,1,0,0,0.0132,2,0.0058,2,0.0132,2
BBAS3,2015-01-22,0,1,0,0.0,0,0.0,0,0.0,0
BBAS3,2015-01-23,0,1,0,0.0,0,0.0,0,0.0,0
BBAS3,2015-01-26,0,1,0,0.0,0,0.0,0,0.0,0
BBAS3,2015-01-27,0,1,0,0.0,0,0.0,0,0.0,0
BBAS3,2015-01-28,0,1,0,0.0,0,0.0,0,0.0,0
BBAS3,2015-01-29,0,1,0,0.0,0,0.0,0,0.0,0
BBAS3,2015-01-30,1,0,0,0.1044,57,0.0659,44,0.1201,66
BBAS3,2015-02-02,1,0,0,0.0688,11,0.0434,10,0.131,65
BBAS3,2015-02-03,1,0,0,0.0317,2,0.0105,2,0.1381,64
BBAS3,2015-02-04,1,0,0,0.0839,42,0.0014,24,0.1269,63
BBAS3,2015-02-05,1,0,0,0.0454,8,0.024,7,0.1039,62
BBAS3,2015-02-06,1,0,0,0.081,52,0.0687,52,0.0958,61
BBAS3,2015-02-09,1,0,0,0.0209,2,0.0066,2,0.1117,60
BBAS3,2015-02-10,1,0,0,0.0384,5,0.0356,5,0.0958,59
BBAS3,2015-02-11,1,0,0,0.0395,3,0.0137,2,0.1056,58
BBAS3,2015-02-12,1,0,0,0.0342,2,0.0071,2,0.0994,57
BBAS3,2015-02-13,1,0,0,0.0269,2,0.0025,2,0.0269,2
BBAS3,2015-02-18,0,0,0,0.0,0,0.0,0,0.0,0
BBAS3,2015-02-19,0,1,0,0.0,0,0.0,0,0.0,0
BBAS3,2015-02-20,0,1,0,0.0,0,0.0,0,0.0,0
BBAS3,2015-02-23,0,1,0,0.0,0,0.0,0,0.0,0
BBAS3,2015-02-24,0,1,0,0.0,0,0.0,0,0.0,0
BBAS3,2015-02-25,0,1,0,0.0,0,0.0,0,0.0,0
BBAS3,2015-02-26,0,1,0,0.0,0,0.0,0,0.0,0
BBAS3,2015-02-27,1,0,0,0.0128,2,0.0037,2,0.0128,2
BBAS3,2015-03-02,0,1,0,0.0,0,0.0,0,0.0,0
BBAS3,2015-03-03,0,1,0,0.0,0,0.0,0,0.0,0
BBAS3,2015-03-04,0,1,0,0.0,0,0.0,0,0.0,0
BBAS3,2015-03-05,1,0,0,0.0773,35,0.0769,35,0.0921,44
BBAS3,2015-03-06,1,0,0,0.0786,34,0.074,34,0.0934,43
BBAS3,2015-03-09,1,0,0,0.0641,21,0.0487,19,0.105,42
BBAS3,2015-03-10,1,0,0,0.0511,7,0.0061,2,0.1247,41
BBAS3,2015-03-11,1,0,0,0.0437,6,0.008,2,0.1158,40
BBAS3,2015-03-12,1,0,0,0.0631,18,0.0499,17,0.1039,39
BBAS3,2015-03-13,1,0,0,0.0455,4,0.0194,4,0.1179,38
BBAS3,2015-03-16,1,0,0,0.0405,3,0.0323,3,0.112,37
BBAS3,2015-03-17,1,0,0,0.0445,2,0.0027,2,0.1167,36
BBAS3,2015-03-18,1,0,0,0.024,2,0.007,2,0.0972,35
BBAS3,2015-03-19,0,1,0,0.0,0,0.0,0,0.0,0
BBAS3,2015-03-20,1,0,0,0.0143,3,0.0037,2,0.0788,33
BBAS3,2015-03-23,1,0,0,0.0731,32,0.0723,32,0.0731,32
BBAS3,2015-03-24,0,1,0,0.0,0,0.0,0,0.0,0
BBAS3,2015-03-25,0,1,0,0.0,0,0.0,0,0.0,0
BBAS3,2015-03-26,1,0,0,0.065,20,0.0581,20,0.0793,29
BBAS3,2015-03-27,1,0,0,0.0491,6,0.0272,5,0.0929,28
BBAS3,2015-03-30,1,0,0,0.0216,2,0.01,2,0.0902,27
BBAS3,2015-03-31,1,0,0,0.0339,3,0.0019,2,0.0875,26
BBAS3,2015-04-01,1,0,0,0.0209,2,0.0066,2,0.0726,25
BBAS3,2015-04-02,1,0,0,0.0213,2,0.017,2,0.0619,24
BBAS3,2015-04-06,1,0,0,0.0144,2,0.004,2,0.0144,2
BBAS3,2015-04-07,0,0,0,0.0,0,0.0,0,0.0,0
BBAS3,2015-04-08,0,0,0,0.0,0,0.0,0,0.0,0
BBAS3,2015-04-09,1,0,0,0.027,6,0.0241,6,0.0628,20
BBAS3,2015-04-10,0,0,0,0.0,0,0.0,0,0.0,0
BBAS3,2015-04-13,1,0,0,0.0414,9,0.0207,8,0.0549,18
BBAS3,2015-04-14,1,0,0,0.0412,8,0.0213,7,0.0546,17
BBAS3,2015-04-15,1,0,0,0.0226,2,0.0035,2,0.058,16
BBAS3,2015-04-16,1,0,0,0.0353,6,0.026,6,0.0485,15
BBAS3,2015-04-17,0,0,0,0.0,0,0.0,0,0.0,0
BBAS3,2015-04-20,1,0,0,0.0365,4,0.0227,3,0.0498,13
BBAS3,2015-04-22,1,0,0,0.0265,2,0.0029,2,0.0531,12
BBAS3,2015-04-23,1,0,0,0.0316,2,0.0011,2,0.0446,11
BBAS3,2015-04-24,0,0,0,0.0,0,0.0,0,0.0,0
BBAS3,2015-04-27,0,0,0,0.0,0,0.0,0,0.0,0
BBAS3,2015-04-28,0,0,0,0.0,0,0.0,0,0.0,0
BBAS3,2015-04-29,1,0,0,0.0267,7,0.0261,7,0.0267,7
BBAS3,2015-04-30,1,0,0,0.0143,2,0.0092,2,0.0329,6
BBAS3,2015-05-04,0,0,0,0.0,0,0.0,0,0.0,0
BBAS3,2015-05-05,1,0,0,0.019,3,0.008,2,0.0255,4
BBAS3,2015-05-06,1,0,0,0.0159,3,0.014,3,0.0159,3
BBAS3,2015-05-07,1,0,0,0.0195,2,0.0026,2,0.0195,2
BBAS3,2015-05-08,0,0,0,0.0,0,0.0,0,0.0,0
BBAS3,2015-05-11,0,0,0,0.0,0,0.0,0,0.0,0
BBAS3,2015-05-12,0,0,0,0.0,0,0.0,0,0.0,0
BBAS3,2015-05-13,0,0,0,0.0,0,0.0,0,0.0,0
BBAS3,2015-05-14,0,0,0,0.0,0,0.0,0,0.0,0
BBAS3,2015-05-15,0,0,0,0.0,0,0.0,0,0.0,0
BBAS3,2015-05-18,0,0,0,0.0,0,0.0,0,0.0,0
BBAS3,2015-05-19,0,0,0,0.0,0,0.0,0,0.0,0
BBAS3,2015-05-20,0,0,0,0.0,0,0.0,0,0.0,0
BBAS3,2015-05-21,0,0,0,0.0,0,0.0,0,0.0,0
BBAS3,2015-05-22,0,0,0,0.0,0,0.0,0,0.0,0
BBAS3,2015-05-25,1,0,0,0.0132,2,0.0089,2,0.0132,2
BBAS3,2015-05-26,0,0,0,0.0,0,0.0,0,0.0,0
BBAS3,2015-05-27,0,0,0,0.0,0,0.0,0,0.0,0
BBAS3,2015-05-28,0,0,0,0.0,0,0.0,0,0.0,0
BBAS3,2015-05-29,0,0,0,0.0,0,0.0,0,0.0,0
BBAS3,2015-06-01,1,0,0,0.0125,2,0.0109,2,0.0125,2
BBAS3,2015-06-02,0,0,0,0.0,0,0.0,0,0.0,0
BBAS3,2015-06-03,0,0,0,0.0,0,0.0,0,0.0,0
BBAS3,2015-06-05,1,0,0,0.0309,16,0.0261,16,0.0309,16
BBAS3,2015-06-08,1,0,0,0.0147,4,0.0141,4,0.0341,15
BBAS3,2015-06-09,1,0,0,0.0167,2,0.0012,2,0.037,14
BBAS3,2015-06-10,1,0,0,0.0279,13,0.0247,13,0.0279,13
BBAS3,2015-06-11,0,0,0,0.0,0,0.0,0,0.0,0
BBAS3,2015-06-12,0,0,0,0.0,0,0.0,0,0.0,0
BBAS3,2015-06-15,1,0,0,0.0238,7,0.0188,7,0.0301,10
BBAS3,2015-06-16,1,0,0,0.011,3,0.009,3,0.027,9
BBAS3,2015-06-17,0,0,0,0.0,0,0.0,0,0.0,0
BBAS3,2015-06-18,1,0,0,0.0185,4,0.0066,2,0.0246,7
BBAS3,2015-06-19,1,0,0,0.0156,3,0.0124,3,0.0217,6
BBAS3,2015-06-22,1,0,0,0.0095,2,0.0052,2,0.0155,5
BBAS3,2015-06-23,0,0,0,0.0,0,0.0,0,0.0,0
BBAS3,2015-06-24,1,0,0,0.0133,3,0.0121,3,0.0133,3
BBAS3,2015-06-25,0,0,0,0.0,0,0.0,0,0.0,0
BBAS3,2015-06-26,1,0,0,0.012,2,0.0017,2,0.0143,4
BBAS3,2015-06-29,0,0,0,0.0,0,0.0,0,0.0,0
BBAS3,2015-06-30,1,0,0,0.0089,2,0.008,2,0.0089,2
BBAS3,2015-07-01,0,0,0,0.0,0,0.0,0,0.0,0
BBAS3,2015-07-02,0,0,0,0.0,0,0.0,0,0.0,0
BBAS3,2015-07-03,0,0,0,0.0,0,0.0,0,0.0,0
BBAS3,2015-07-06,0,0,0,0.0,0,0.0,0,0.0,0
BBAS3,2015-07-07,0,0,0,0.0,0,0.0,0,0.0,0
BBAS3,2015-07-08,1,0,0,0.0125,3,0.0111,3,0.0129,5
BBAS3,2015-07-10,0,0,0,0.0,0,0.0,0,0.0,0
BBAS3,2015-07-13,0,0,0,0.0,0,0.0,0,0.0,0
BBAS3,2015-07-14,0,0,0,0.0,0,0.0,0,0.0,0
BBAS3,2015-07-15,0,0,0,0.0,0,0.0,0,0.0,0
BBAS3,2015-07-16,0,0,0,0.0,0,0.0,0,0.0,0
BBAS3,2015-07-17,0,0,0,0.0,0,0.0,0,0.0,0
BBAS3,2015-07-20,0,0,0,0.0,0,0.0,0,0.0,0
BBAS3,2015-07-21,0,0,0,0.0,0,0.0,0,0.0,0
BBAS3,2015-07-22,0,0,0,0.0,0,0.0,0,0.0,0
BBAS3,2015-07-23,0,0,0,0.0,0,0.0,0,0.0,0
BBAS3,2015-07-24,0,0,0,0.0,0,0.0,0,0.0,0
BBAS3,2015-07-27,1,0,0,0.0216,4,0.0216,4,0.028,6
BBAS3,2015-07-28,0,0,0,0.0,0,0.0,0,0.0,0
BBAS3,2015-07-29,1,0,0,0.0198,2,0.0013,2,0.0261,4
BBAS3,2015-07-30,0,0,0,0.0,0,0.0,0,0.0,0
BBAS3,2015-07-31,1,0,0,0.0106,2,0.0106,2,0.0106,2
BBAS3,2015-08-03,0,0,0,0.0,0,0.0,0,0.0,0
BBAS3,2015-08-04,0,0,0,0.0,0,0.0,0,0.0,0
BBAS3,2015-08-05,0,0,0,0.0,0,0.0,0,0.0,0
BBAS3,2015-08-06,0,0,0,0.0,0,0.0,0,0.0,0
BBAS3,2015-08-07,0,0,0,0.0,0,0.0,0,0.0,0
BBAS3,2015-08-10,0,0,0,0.0,0,0.0,0,0.0,0
BBAS3,2015-08-11,0,0,0,0.0,0,0.0,0,0.0,0
BBAS3,2015-08-12,0,0,0,0.0,0,0.0,0,0.0,0
BBAS3,2015-08-13,0,0,0,0.0,0,0.0,0,0.0,0
BBAS3,2015-08-14,0,0,0,0.0,0,0.0,0,0.0,0
BBAS3,2015-08-17,0,0,0,0.0,0,0.0,0,0.0,0
BBAS3,2015-08-18,0,0,0,0.0,0,0.0,0,0.0,0
BBAS3,2015-08-19,0,0,0,0.0,0,0.0,0,0.0,0
BBAS3,2015-08-20,0,0,0,0.0,0,0.0,0,0.0,0
BBAS3,2015-08-21,0,0,0,0.0,0,0.0,0,0.0,0
BBAS3,2015-08-24,1,0,0,0.0238,2,0.0163,2,0.0437,4
BBAS3,2015-08-25,0,0,0,0.0,0,0.0,0,0.0,0
BBAS3,2015-08-26,1,0,0,0.0324,2,0.0211,2,0.0324,2
BBAS3,2015-08-27,0,0,0,0.0,0,0.0,0,0.0,0
BBAS3,2015-08-28,0,0,0,0.0,0,0.0,0,0.0,0
BBAS3,2015-08-31,0,0,0,0.0,0,0.0,0,0.0,0
BBAS3,2015-09-01,0,0,0,0.0,0,0.0,0,0.0,0
BBAS3,2015-09-02,0,0,0,0.0,0,0.0,0,0.0,0
BBAS3,2015-09-03,0,0,0,0.0,0,0.0,0,0.0,0
BBAS3,2015-09-04,0,0,0,0.0,0,0.0,0,0.0,0
BBAS3,2015-09-08,0,0,0,0.0,0,0.0,0,0.0,0
BBAS3,2015-09-09,0,0,0,0.0,0,0.0,0,0.0,0
BBAS3,2015-09-10,1,0,0,0.0417,5,0.0284,4,0.0417,5
BBAS3,2015-09-11,1,0,0,0.0372,4,0.0249,3,0.0372,4
BBAS3,2015-09-14,1,0,0,0.0326,2,0.0041,2,0.0432,3
BBAS3,2015-09-15,1,0,0,0.0271,2,0.0187,2,0.0271,2
BBAS3,2015-09-16,0,0,0,0.0,0,0.0,0,0.0,0
BBAS3,2015-09-17,0,0,0,0.0,0,0.0,0,0.0,0
BBAS3,2015-09-18,0,0,0,0.0,0,0.0,0,0.0,0
BBAS3,2015-09-21,0,0,0,0.0,0,0.0,0,0.0,0
BBAS3,2015-09-22,0,0,0,0.0,0,0.0,0,0.0,0
BBAS3,2015-09-23,0,0,0,0.0,0,0.0,0,0.0,0
BBAS3,2015-09-24,1,0,0,0.0797,40,0.0771,40,0.0797,40
BBAS3,2015-09-25,0,0,0,0.0,0,0.0,0,0.0,0
BBAS3,2015-09-28,1,0,0,0.0611,8,0.0561,8,0.0891,38
BBAS3,2015-09-29,1,0,0,0.0784,7,0.0146,2,0.1077,37
BBAS3,2015-09-30,1,0,0,0.0681,6,0.0116,3,0.0966,36
BBAS3,2015-10-01,1,0,0,0.06,5,0.0315,5,0.088,35
BBAS3,2015-10-02,1,0,0,0.037,2,0.0072,2,0.0982,34
BBAS3,2015-10-05,1,0,0,0.0383,3,0.0157,3,0.0647,33
BBAS3,2015-10-06,1,0,0,0.0392,2,0.0132,2,0.0657,32
BBAS3,2015-10-07,0,0,0,0.0,0,0.0,0,0.0,0
BBAS3,2015-10-08,1,0,0,0.0134,2,0.0119,2,0.0134,2
BBAS3,2015-10-09,0,0,0,0.0,0,0.0,0,0.0,0
BBAS3,2015-10-13,0,0,0,0.0,0,0.0,0,0.0,0
BBAS3,2015-10-14,0,0,0,0.0,0,0.0,0,0.0,0
BBAS3,2015-10-15,0,0,0,0.0,0,0.0,0,0.0,0
BBAS3,2015-10-16,0,0,0,0.0,0,0.0,0,0.0,0
BBAS3,2015-10-19,1,0,0,0.0162,2,0.0154,2,0.0216,5
BBAS3,2015-10-20,0,0,0,0.0,0,0.0,0,0.0,0
BBAS3,2015-10-21,1,0,0,0.0152,2,0.0016,2,0.0222,3
BBAS3,2015-10-22,1,0,0,0.0157,2,0.0072,2,0.0157,2
BBAS3,2015-10-23,0,0,0,0.0,0,0.0,0,0.0,0
BBAS3,2015-10-26,0,0,0,0.0,0,0.0,0,0.0,0
BBAS3,2015-10-27,0,0,0,0.0,0,0.0,0,0.0,0
BBAS3,2015-10-28,0,0,0,0.0,0,0.0,0,0.0,0
BBAS3,2015-10-29,1,0,0,0.0637,16,0.0453,15,0.0637,16
BBAS3,2015-10-30,1,0,0,0.0109,36,0.0069,36,0.0109,36
BBAS3,2015-11-03,1,0,0,0.0343,2,0.0114,2,0.0601,14
BBAS3,2015-11-04,0,0,0,0.0,0,0.0,0,0.0,0
BBAS3,2015-11-05,1,0,0,0.0357,12,0.0352,12,0.0357,12
BBAS3,2015-11-06,0,0,0,0.0,0,0.0,0,0.0,0
BBAS3,2015-11-09,1,0,0,0.0392,10,0.0263,9,0.0392,10
BBAS3,2015-11-10,1,0,0,0.0192,2,0.0047,2,0.0474,9
BBAS3,2015-11-11,1,0,0,0.0357,8,0.0345,8,0.0357,8
BBAS3,2015-11-12,1,0,0,0.0477,7,0.0032,2,0.0477,7
BBAS3,2015-11-13,1,0,0,0.0421,6,0.0117,3,0.0421,6
BBAS3,2015-11-16,1,0,0,0.0334,4,0.0093,2,0.0409,5
BBAS3,2015-11-17,1,0,0,0.025,3,0.0061,2,0.0324,4
BBAS3,2015-11-18,1,0,0,0.0221,2,0.006,2,0.0293,3
BBAS3,2015-11-19,1,0,0,0.0213,2,0.0059,2,0.0213,2
BBAS3,2015-11-23,0,0,0,0.0,0,0.0,0,0.0,0
BBAS3,2015-11-24,0,0,0,0.0,0,0.0,0,0.0,0
BBAS3,2015-11-25,0,0,0,0.0,0,0.0,0,0.0,0
BBAS3,2015-11-26,0,0,0,0.0,0,0.0,0,0.0,0
BBAS3,2015-11-27,0,0,0,0.0,0,0.0,0,0.0,0
BBAS3,2015-11-30,0,0,0,0.0,0,0.0,0,0.0,0
BBAS3,2015-12-01,1,0,0,0.0321,3,0.0177,3,0.0524,7
BBAS3,2015-12-02,1,0,0,0.0324,2,0.0169,2,0.0527,6
BBAS3,2015-12-03,1,0,0,0.0303,5,0.0272,5,0.0303,5
BBAS3,2015-12-04,0,0,0,0.0,0,0.0,0,0.0,0
BBAS3,2015-12-07,0,0,0,0.0,0,0.0,0,0.0,0
BBAS3,2015-12-08,1,0,0,0.0333,2,0.0191,2,0.0333,2
BBAS3,2015-12-09,1,0,0,0.023,2,0.003,2,0.023,2
BBAS3,2015-12-10,0,0,0,0.0,0,0.0,0,0.0,0
BBAS3,2015-12-11,0,0,0,0.0,0,0.0,0,0.0,0
BBAS3,2015-12-14,0,0,0,0.0,0,0.0,0,0.0,0
BBAS3,2015-12-15,0,0,0,0.0,0,0.0,0,0.0,0
BBAS3,2015-12-16,0,0,0,0.0,0,0.0,0,0.0,0
BBAS3,2015-12-17,0,0,0,0.0,0,0.0,0,0.0,0
BBAS3,2015-12-18,0,0,0,0.0,0,0.0,0,0.0,0
BBAS3,2015-12-21,0,0,0,0.0,0,0.0,0,0.0,0
BBAS3,2015-12-22,0,0,0,0.0,0,0.0,0,0.0,0
BBAS3,2015-12-23,0,0,0,0.0,0,0.0,0,0.0,0
BBAS3,2015-12-28,0,0,0,0.0,0,0.0,0,0.0,0
BBAS3,2015-12-29,0,0,0,0.0,0,0.0,0,0.0,0
BBAS3,2015-12-30,0,0,0,0.0,0,0.0,0,0.0,0
BBAS3,2016-01-04,1,0,0,0.1593,45,0.1336,44,0.15,45
BBAS3,2016-01-05,1,0,0,0.1607,44,0.1313,43,0.15,44
BBAS3,2016-01-06,1,0,0,0.1702,43,0.1146,40,0.15,43
BBAS3,2016-01-07,1,0,0,0.1716,42,0.1121,39,0.15,42
BBAS3,2016-01-08,1,0,0,0.1683,41,0.1178,38,0.15,41
BBAS3,2016-01-11,1,0,0,0.1517,39,0.1064,37,0.15,39
BBAS3,2016-01-12,1,0,0,0.1501,36,0.0844,36,0.15,36
BBAS3,2016-01-13,1,0,0,0.1628,35,0.0603,34,0.15,35
BBAS3,2016-01-14,1,0,0,0.1751,34,0.0369,31,0.15,34
BBAS3,2016-01-15,1,0,0,0.1676,33,0.0511,32,0.15,33
BBAS3,2016-01-18,1,0,0,0.1706,32,0.0455,31,0.15,32
BBAS3,2016-01-19,1,0,0,0.1628,31,0.0603,30,0.15,31
BBAS3,2016-01-20,1,0,0,0.1887,30,0.0113,3,0.15,30
BBAS3,2016-01-21,1,0,0,0.014,2,0.0051,2,0.15,29
BBAS3,2016-01-22,1,0,0,0.032,6,0.027,6,0.15,28
BBAS3,2016-01-26,1,0,0,0.0353,5,0.0182,4,0.15,27
BBAS3,2016-01-27,1,0,0,0.0273,3,0.0152,3,0.15,26
BBAS3,2016-01-28,1,0,0,0.0266,2,0.0121,2,0.15,25
BBAS3,2016-01-29,1,0,0,0.0287,2,0.0059,2,0.15,24
BBAS3,2016-02-01,1,0,0,0.1473,23,0.0763,22,0.15,25
BBAS3,2016-02-02,1,0,0,0.1455,22,0.0798,21,0.15,24
BBAS3,2016-02-03,1,0,0,0.1575,21,0.0568,20,0.15,21
BBAS3,2016-02-04,1,0,0,0.0138,2,0.0067,2,0.15,20
BBAS3,2016-02-05,1,0,0,0.142,19,0.0867,19,0.15,21
BBAS3,2016-02-10,1,0,0,0.1552,18,0.0613,17,0.15,18
BBAS3,2016-02-11,1,0,0,0.1571,17,0.0577,16,0.15,17
BBAS3,2016-02-12,1,0,0,0.1672,16,0.0383,14,0.15,16
BBAS3,2016-02-15,1,0,0,0.1633,15,0.0458,14,0.15,15
BBAS3,2016-02-16,1,0,0,0.1696,14,0.003,2,0.15,14
BBAS3,2016-02-17,1,0,0,0.1585,13,0.055,12,0.15,13
BBAS3,2016-02-18,1,0,0,0.1613,12,0.0495,11,0.15,12
BBAS3,2016-02-19,1,0,0,0.1803,11,0.005,2,0.15,11
BBAS3,2016-02-22,1,0,0,0.1599,10,0.0068,2,0.15,10
BBAS3,2016-02-23,1,0,0,0.1561,9,0.0595,8,0.15,9
BBAS3,2016-02-24,1,0,0,0.1686,8,0.0354,6,0.15,8
BBAS3,2016-02-25,1,0,0,0.1751,7,0.0229,4,0.15,7
BBAS3,2016-02-26,1,0,0,0.1647,6,0.0234,3,0.15,6
BBAS3,2016-02-29,1,0,0,0.1599,5,0.0116,2,0.15,5
BBAS3,2016-03-01,1,0,0,0.1483,4,0.0076,2,0.15,6
BBAS3,2016-03-02,1,0,0,0.1261,3,0.0117,2,0.15,6
BBAS3,2016-03-03,1,0,0,0.1014,2,0.0068,2,0.15,6
BBAS3,2016-03-04,0,1,0,0.0,0,0.0,0,0.0,0
BBAS3,2016-03-07,1,0,0,0.0543,3,0.0402,3,0.1,6
BBAS3,2016-03-08,1,0,0,0.0543,2,0.0169,2,0.1,5
BBAS3,2016-03-09,1,0,0,0.051,3,0.0147,2,0.058,4
BBAS3,2016-03-10,1,0,0,0.0407,2,0.0279,2,0.0476,3
BBAS3,2016-03-11,1,0,0,0.0341,2,0.0126,2,0.0341,2
BBAS3,2016-03-14,0,0,0,0.0,0,0.0,0,0.0,0
BBAS3,2016-03-15,0,0,0,0.0,0,0.0,0,0.0,0
BBAS3,2016-03-16,1,0,0,0.0815,2,0.0209,2,0.1161,20
BBAS3,2016-03-17,0,0,0,0.0,0,0.0,0,0.0,0
BBAS3,2016-03-18,0,0,0,0.0,0,0.0,0,0.0,0
BBAS3,2016-03-21,0,0,0,0.0,0,0.0,0,0.0,0
BBAS3,2016-03-22,0,0,0,0.0,0,0.0,0,0.0,0
BBAS3,2016-03-23,0,0,0,0.0,0,0.0,0,0.0,0
BBAS3,2016-03-24,1,0,0,0.0273,2,0.0055,2,0.0777,14
BBAS3,2016-03-28,0,0,0,0.0,0,0.0,0,0.0,0
BBAS3,2016-03-29,0,0,0,0.0,0,0.0,0,0.0,0
BBAS3,2016-03-30,0,0,0,0.0,0,0.0,0,0.0,0
BBAS3,2016-03-31,0,0,0,0.0,0,0.0,0,0.0,0
BBAS3,2016-04-01,0,0,0,0.0,0,0.0,0,0.0,0
BBAS3,2016-04-04,0,0,0,0.0,0,0.0,0,0.0,0
BBAS3,2016-04-05,1,0,0,0.0583,5,0.0408,4,0.0822,7
BBAS3,2016-04-06,1,0,0,0.0521,3,0.0177,3,0.0922,6
BBAS3,2016-04-07,0,0,0,0.0,0,0.0,0,0.0,0
BBAS3,2016-04-08,1,0,0,0.0395,2,0.0066,2,0.0623,4
BBAS3,2016-04-11,1,0,0,0.028,3,0.0102,2,0.028,3
BBAS3,2016-04-12,1,0,0,0.0216,2,0.0189,2,0.0216,2
BBAS3,2016-04-13,0,0,0,0.0,0,0.0,0,0.0,0
BBAS3,2016-04-14,0,0,0,0.0,0,0.0,0,0.0,0
BBAS3,2016-04-15,0,0,0,0.0,0,0.0,0,0.0,0
BBAS3,2016-04-18,0,0,0,0.0,0,0.0,0,0.0,0
BBAS3,2016-04-19,0,0,0,0.0,0,0.0,0,0.0,0
BBAS3,2016-04-20,0,0,0,0.0,0,0.0,0,0.0,0
BBAS3,2016-04-22,0,0,0,0.0,0,0.0,0,0.0,0
BBAS3,2016-04-25,0,0,0,0.0,0,0.0,0,0.0,0
BBAS3,2016-04-26,1,0,0,0.0263,2,0.0055,2,0.0263,2
BBAS3,2016-04-27,0,0,0,0.0,0,0.0,0,0.0,0
BBAS3,2016-04-28,0,0,0,0.0,0,0.0,0,0.0,0
BBAS3,2016-04-29,0,0,0,0.0,0,0.0,0,0.0,0
BBAS3,2016-05-02,0,0,0,0.0,0,0.0,0,0.0,0
BBAS3,2016-05-03,0,0,0,0.0,0,0.0,0,0.0,0
BBAS3,2016-05-04,1,0,0,0.0168,2,0.0019,2,0.0168,2
BBAS3,2016-05-05,0,0,0,0.0,0,0.0,0,0.0,0
BBAS3,2016-05-06,0,0,0,0.0,0,0.0,0,0.0,0
BBAS3,2016-05-09,0,0,0,0.0,0,0.0,0,0.0,0
BBAS3,2016-05-10,0,0,0,0.0,0,0.0,0,0.0,0
BBAS3,2016-05-11,0,0,0,0.0,0,0.0,0,0.0,0
BBAS3,2016-05-12,0,0,0,0.0,0,0.0,0,0.0,0
BBAS3,2016-05-13,0,0,0,0.0,0,0.0,0,0.0,0
BBAS3,2016-05-16,0,0,0,0.0,0,0.0,0,0.0,0
BBAS3,2016-05-17,0,0,0,0.0,0,0.0,0,0.0,0
BBAS3,2016-05-18,0,1,0,0.0,0,0.0,0,0.0,0
BBAS3,2016-05-19,1,0,0,0.129,74,0.1286,74,0.129,74
BBAS3,2016-05-20,0,1,0,0.0,0,0.0,0,0.0,0
BBAS3,2016-05-23,1,0,0,0.0943,42,0.082,41,0.15,71
BBAS3,2016-05-24,1,0,0,0.1182,59,0.1023,58,0.143,71
BBAS3,2016-05-25,1,0,0,0.0191,4,0.0087,3,0.15,58
BBAS3,2016-05-27,1,0,0,0.0995,39,0.0708,38,0.15,67
BBAS3,2016-05-30,1,0,0,0.0221,5,0.0203,5,0.15,66
BBAS3,2016-05-31,1,0,0,0.0249,5,0.0226,5,0.15,65
BBAS3,2016-06-01,1,0,0,0.0204,3,0.0163,3,0.15,64
BBAS3,2016-06-02,1,0,0,0.1005,35,0.0687,33,0.15,63
BBAS3,2016-06-03,1,0,0,0.0105,2,0.0105,2,0.15,64
BBAS3,2016-06-06,1,0,0,0.1166,51,0.1056,50,0.15,88
BBAS3,2016-06-07,1,0,0,0.0128,2,0.006,2,0.15,62
BBAS3,2016-06-08,1,0,0,0.0089,2,0.0007,2,0.15,86
BBAS3,2016-06-09,1,0,0,0.1176,48,0.1036,47,0.15,85
BBAS3,2016-06-10,1,0,0,0.0956,34,0.0956,34,0.15,84
BBAS3,2016-06-13,1,0,0,0.1086,28,0.0513,24,0.15,56
BBAS3,2016-06-14,1,0,0,0.0979,27,0.0744,26,0.15,56
BBAS3,2016-06-15,1,0,0,0.1083,26,0.0521,22,0.15,54
BBAS3,2016-06-16,1,0,0,0.1152,25,0.0371,18,0.15,43
BBAS3,2016-06-17,1,0,0,0.1055,24,0.0579,21,0.15,52
BBAS3,2016-06-20,1,0,0,0.1018,23,0.0658,21,0.15,51
BBAS3,2016-06-21,1,0,0,0.1163,22,0.0348,15,0.15,40
BBAS3,2016-06-22,1,0,0,0.1149,21,0.0379,14,0.15,39
BBAS3,2016-06-23,1,0,0,0.1117,20,0.0446,14,0.15,48
BBAS3,2016-06-24,1,0,0,0.0334,5,0.0145,4,0.15,36
BBAS3,2016-06-27,1,0,0,0.1135,18,0.0377,11,0.15,45
BBAS3,2016-06-28,1,0,0,0.0256,3,0.0103,2,0.15,35
BBAS3,2016-06-29,0,1,0,0.0,0,0.0,0,0.0,0
BBAS3,2016-06-30,1,0,0,0.0169,2,0.0138,2,0.15,43
BBAS3,2016-07-01,1,0,0,0.0836,14,0.036,10,0.15,69
BBAS3,2016-07-04,1,0,0,0.0833,13,0.0367,9,0.15,68
BBAS3,2016-07-05,1,0,0,0.0877,12,0.0267,6,0.15,67
BBAS3,2016-07-06,1,0,0,0.0908,11,0.0194,4,0.15,66
BBAS3,2016-07-07,1,0,0,0.0883,10,0.0148,3,0.15,65
BBAS3,2016-07-08,1,0,0,0.0192,2,0.0044,2,0.15,64
BBAS3,2016-07-11,1,0,0,0.0195,2,0.0036,2,0.15,64
BBAS3,2016-07-12,1,0,0,0.0581,7,0.042,6,0.15,68
BBAS3,2016-07-13,1,0,0,0.0253,2,0.0135,2,0.15,63
BBAS3,2016-07-14,1,0,0,0.0457,4,0.0075,2,0.15,66
BBAS3,2016-07-15,0,1,0,0.0,0,0.0,0,0.0,0
BBAS3,2016-07-18,1,0,0,0.0281,2,0.002,2,0.15,65
BBAS3,2016-07-19,1,0,0,0.0271,2,0.0044,2,0.15,67
BBAS3,2016-07-20,1,0,0,0.1363,67,0.0462,29,0.1397,73
BBAS3,2016-07-21,1,0,0,0.1297,66,0.0598,55,0.133,72
BBAS3,2016-07-22,1,0,0,0.0159,4,0.0139,4,0.142,71
BBAS3,2016-07-25,1,0,0,0.0167,2,0.0006,2,0.147,70
BBAS3,2016-07-26,1,0,0,0.0085,2,0.0024,2,0.1319,69
BBAS3,2016-07-27,1,0,0,0.1256,62,0.0681,53,0.1289,68
BBAS3,2016-07-28,1,0,0,0.1308,61,0.0576,50,0.1341,67
BBAS3,2016-07-29,1,0,0,0.011,2,0.0073,2,0.1475,66
BBAS3,2016-08-01,1,0,0,0.0529,23,0.0525,23,0.1366,65
BBAS3,2016-08-02,1,0,0,0.0443,10,0.0228,8,0.15,63
BBAS3,2016-08-03,1,0,0,0.0167,2,0.0031,2,0.15,57
BBAS3,2016-08-04,1,0,0,0.0122,2,0.0012,2,0.1461,62
BBAS3,2016-08-05,1,0,0,0.03,7,0.0249,7,0.133,61
BBAS3,2016-08-08,1,0,0,0.0339,6,0.0036,2,0.138,60
BBAS3,2016-08-09,1,0,0,0.025,4,0.0214,4,0.1347,59
BBAS3,2016-08-10,1,0,0,0.0441,15,0.0323,14,0.1295,58
BBAS3,2016-08-11,0,1,0,0.0,0,0.0,0,0.0,0
BBAS3,2016-08-12,1,0,0,0.0177,2,0.0069,2,0.1173,56
BBAS3,2016-08-15,1,0,0,0.1006,49,0.0361,39,0.1038,55
BBAS3,2016-08-16,1,0,0,0.0968,48,0.0446,42,0.0999,54
BBAS3,2016-08-17,1,0,0,0.0263,11,0.0261,11,0.1043,53
BBAS3,2016-08-18,1,0,0,0.0249,10,0.021,9,0.1026,52
BBAS3,2016-08-19,1,0,0,0.0251,8,0.0128,7,0.1062,51
BBAS3,2016-08-22,1,0,0,0.0921,44,0.055,39,0.0952,50
BBAS3,2016-08-23,1,0,0,0.0212,5,0.0134,5,0.1055,49
BBAS3,2016-08-24,1,0,0,0.0226,4,0.0095,3,0.1072,48
BBAS3,2016-08-25,1,0,0,0.0228,3,0.0039,2,0.1074,47
BBAS3,2016-08-26,1,0,0,0.0196,2,0.0055,2,0.1035,46
BBAS3,2016-08-29,1,0,0,0.0186,2,0.0082,2,0.0983,45
BBAS3,2016-08-30,0,1,0,0.0,0,0.0,0,0.0,0
BBAS3,2016-08-31,0,1,0,0.0,0,0.0,0,0.0,0
BBAS3,2016-09-01,1,0,0,0.0846,36,0.0716,33,0.0877,42
BBAS3,2016-09-02,1,0,0,0.0117,2,0.0022,2,0.0963,90
BBAS3,2016-09-05,0,1,0,0.0,0,0.0,0,0.0,0
BBAS3,2016-09-06,1,0,0,0.0817,33,0.078,33,0.0881,88
BBAS3,2016-09-08,0,1,0,0.0,0,0.0,0,0.0,0
BBAS3,2016-09-09,1,0,0,0.0857,86,0.0834,86,0.0857,86
BBAS3,2016-09-12,1,0,0,0.0978,30,0.0424,21,0.1044,85
BBAS3,2016-09-13,1,0,0,0.0987,29,0.0403,19,0.1053,84
BBAS3,2016-09-14,1,0,0,0.0234,6,0.0181,6,0.1342,90
BBAS3,2016-09-15,1,0,0,0.0232,5,0.0164,5,0.1397,90
BBAS3,2016-09-16,1,0,0,0.0875,22,0.0236,14,0.1499,90
BBAS3,2016-09-19,1,0,0,0.0212,3,0.0079,3,0.15,89
BBAS3,2016-09-20,1,0,0,0.0194,2,0.0039,2,0.1483,88
BBAS3,2016-09-21,1,0,0,0.0127,2,0.0038,2,0.1365,87
BBAS3,2016-09-22,1,0,0,0.0798,22,0.0549,18,0.1219,86
BBAS3,2016-09-23,1,0,0,0.0681,17,0.0428,16,0.1277,85
BBAS3,2016-09-26,1,0,0,0.0792,16,0.0165,8,0.1404,84
BBAS3,2016-09-27,1,0,0,0.0776,15,0.0203,7,0.1386,83
BBAS3,2016-09-28,1,0,0,0.0736,14,0.0184,7,0.1339,82
BBAS3,2016-09-29,1,0,0,0.0675,13,0.0331,8,0.127,81
BBAS3,2016-09-30,1,0,0,0.0404,6,0.0039,2,0.1409,80
BBAS3,2016-10-03,0,1,0,0.0,0,0.0,0,0.0,0
BBAS3,2016-10-04,1,0,0,0.03,4,0.0075,2,0.1277,78
BBAS3,2016-10-05,1,0,0,0.0191,2,0.0048,2,0.1238,77
BBAS3,2016-10-06,1,0,0,0.0216,2,0.0042,2,0.1204,90
BBAS3,2016-10-07,1,0,0,0.0422,7,0.0005,2,0.1109,90
BBAS3,2016-10-10,1,0,0,0.0382,7,0.0358,7,0.1054,90
BBAS3,2016-10-11,1,0,0,0.0363,5,0.031,5,0.1112,90
BBAS3,2016-10-13,1,0,0,0.0364,3,0.0101,2,0.1273,90
BBAS3,2016-10-14,1,0,0,0.023,2,0.0048,2,0.1151,90
BBAS3,2016-10-17,1,0,0,0.1187,90,0.1058,88,0.1187,90
BBAS3,2016-10-18,1,0,0,0.0097,2,0.0045,2,0.0231,11
BBAS3,2016-10-19,0,0,0,0.0,0,0.0,0,0.0,0
BBAS3,2016-10-20,1,0,0,0.0267,8,0.0078,6,0.0275,9
BBAS3,2016-10-21,1,0,0,0.0138,2,0.0129,2,0.0138,2
BBAS3,2016-10-24,0,0,0,0.0,0,0.0,0,0.0,0
BBAS3,2016-10-25,0,0,0,0.0,0,0.0,0,0.0,0
BBAS3,2016-10-26,1,0,0,0.018,2,0.011,2,0.0263,5
BBAS3,2016-10-27,0,0,0,0.0,0,0.0,0,0.0,0
BBAS3,2016-10-28,0,0,0,0.0,0,0.0,0,0.0,0
BBAS3,2016-10-31,0,0,0,0.0,0,0.0,0,0.0,0
BBAS3,2016-11-01,0,0,0,0.0,0,0.0,0,0.0,0
BBAS3,2016-11-03,0,0,0,0.0,0,0.0,0,0.0,0
BBAS3,2016-11-04,1,0,0,0.0215,2,0.0192,2,0.0234,3
BBAS3,2016-11-07,0,0,0,0.0,0,0.0,0,0.0,0
BBAS3,2016-11-08,0,0,0,0.0,0,0.0,0,0.0,0
BBAS3,2016-11-09,0,1,0,0.0,0,0.0,0,0.0,0
BBAS3,2016-11-10,0,0,0,0.0,0,0.0,0,0.0,0
BBAS3,2016-11-11,1,0,0,0.0956,52,0.0786,51,0.14,78
BBAS3,2016-11-14,1,0,0,0.037,2,0.0263,2,0.15,70
BBAS3,2016-11-16,1,0,0,0.0238,2,0.018,2,0.141,76
BBAS3,2016-11-17,1,0,0,0.0387,4,0.0337,4,0.1176,75
BBAS3,2016-11-18,1,0,0,0.0377,2,0.0015,2,0.1324,74
BBAS3,2016-11-21,1,0,0,0.019,2,0.0144,2,0.0937,73
BBAS3,2016-11-22,0,1,0,0.0,0,0.0,0,0.0,0
BBAS3,2016-11-23,0,1,0,0.0,0,0.0,0,0.0,0
BBAS3,2016-11-24,0,1,0,0.0,0,0.0,0,0.0,0
BBAS3,2016-11-25,1,0,0,0.0205,2,0.0109,2,0.0993,69
BBAS3,2016-11-28,1,0,0,0.0153,2,0.0076,2,0.0941,68
BBAS3,2016-11-29,0,1,0,0.0,0,0.0,0,0.0,0
BBAS3,2016-11-30,0,1,0,0.0,0,0.0,0,0.0,0
BBAS3,2016-12-01,1,0,0,0.0686,39,0.0574,39,0.1102,65
BBAS3,2016-12-02,1,0,0,0.072,38,0.0494,36,0.114,64
BBAS3,2016-12-05,1,0,0,0.0943,57,0.0763,54,0.1013,63
BBAS3,2016-12-06,1,0,0,0.0701,36,0.0538,34,0.1119,62
BBAS3,2016-12-07,1,0,0,0.0957,55,0.0734,50,0.1027,61
BBAS3,2016-12-08,1,0,0,0.0937,54,0.0776,51,0.1007,60
BBAS3,2016-12-09,1,0,0,0.0967,53,0.0712,48,0.1037,59
BBAS3,2016-12-12,1,0,0,0.0703,32,0.0534,30,0.1121,58
BBAS3,2016-12-13,1,0,0,0.0401,15,0.0265,12,0.1248,57
BBAS3,2016-12-14,1,0,0,0.0366,14,0.0358,14,0.1204,56
BBAS3,2016-12-15,1,0,0,0.022,2,0.0103,2,0.1324,55
BBAS3,2016-12-16,1,0,0,0.0303,12,0.0295,12,0.1127,54
BBAS3,2016-12-19,1,0,0,0.0693,27,0.0332,18,0.1111,53
BBAS3,2016-12-20,1,0,0,0.0247,7,0.0143,5,0.1191,52
BBAS3,2016-12-21,1,0,0,0.029,9,0.0257,9,0.1111,51
BBAS3,2016-12-22,1,0,0,0.0212,5,0.0179,5,0.1146,50
BBAS3,2016-12-23,0,1,0,0.0,0,0.0,0,0.0,0
BBAS3,2016-12-26,0,1,0,0.0,0,0.0,0,0.0,0
BBAS3,2016-12-27,1,0,0,0.018,5,0.0104,5,0.0976,47
BBAS3,2016-12-28,1,0,0,0.0091,2,0.0027,2,0.0972,46
BBAS3,2016-12-29,1,0,0,0.0133,3,0.0094,3,0.0939,90
BBAS3,2017-01-02,1,0,0,0.049,18,0.0169,9,0.0907,89
BBAS3,2017-01-03,1,0,0,0.051,17,0.0076,6,0.0929,88
BBAS3,2017-01-04,1,0,0,0.039,16,0.0385,16,0.0797,87
BBAS3,2017-01-05,1,0,0,0.07,35,0.0409,30,0.0786,86
BBAS3,2017-01-06,1,0,0,0.04,14,0.036,14,0.0807,85
BBAS3,2017-01-09,1,0,0,0.0203,4,0.0089,4,0.0924,84
BBAS3,2017-01-10,1,0,0,0.0441,12,0.0228,10,0.0853,83
BBAS3,2017-01-11,1,0,0,0.0429,11,0.0258,9,0.084,82
BBAS3,2017-01-12,1,0,0,0.033,10,0.0289,10,0.073,81
BBAS3,2017-01-13,1,0,0,0.0346,9,0.0248,9,0.0747,80
BBAS3,2017-01-16,1,0,0,0.041,8,0.0078,5,0.0818,79
BBAS3,2017-01-17,1,0,0,0.0416,7,0.0026,2,0.0825,78
BBAS3,2017-01-18,1,0,0,0.0338,6,0.0256,6,0.0739,77
BBAS3,2017-01-19,1,0,0,0.023,3,0.0146,3,0.0784,76
BBAS3,2017-01-20,0,1,0,0.0,0,0.0,0,0.0,0
BBAS3,2017-01-23,1,0,0,0.0283,3,0.0034,2,0.0677,74
BBAS3,2017-01-24,1,0,0,0.044,22,0.0294,19,0.052,73
BBAS3,2017-01-26,1,0,0,0.0097,2,0.008,2,0.0483,72
BBAS3,2017-01-27,0,0,0,0.0,0,0.0,0,0.0,0
BBAS3,2017-01-30,1,0,0,0.04,19,0.0379,19,0.048,70
BBAS3,2017-01-31,1,0,0,0.0443,18,0.027,14,0.0523,69
BBAS3,2017-02-01,0,0,0,0.0,0,0.0,0,0.0,0
BBAS3,2017-02-02,1,0,0,0.042,16,0.0329,14,0.05,67
BBAS3,2017-02-03,1,0,0,0.0426,15,0.0313,13,0.0506,66
BBAS3,2017-02-06,0,0,0,0.0,0,0.0,0,0.0,0
BBAS3,2017-02-07,1,0,0,0.0446,13,0.0194,8,0.0526,64
BBAS3,2017-02-08,1,0,0,0.0271,7,0.0142,6,0.0547,63
BBAS3,2017-02-09,1,0,0,0.0239,6,0.0149,5,0.0512,62
BBAS3,2017-02-10,1,0,0,0.0214,5,0.0152,5,0.0486,61
BBAS3,2017-02-13,1,0,0,0.0178,4,0.0142,4,0.0447,60
BBAS3,2017-02-14,1,0,0,0.0192,4,0.0185,4,0.0431,59
BBAS3,2017-02-15,1,0,0,0.0181,3,0.0169,3,0.0419,58
BBAS3,2017-02-16,1,0,0,0.0215,2,0.0071,2,0.0456,57
BBAS3,2017-02-17,1,0,0,0.0139,3,0.0064,2,0.0274,11
BBAS3,2017-02-20,1,0,0,0.009,2,0.0071,2,0.0223,10
BBAS3,2017-02-21,1,0,0,0.009,2,0.0007,2,0.009,2
BBAS3,2017-02-22,0,0,0,0.0,0,0.0,0,0.0,0
BBAS3,2017-02-23,0,0,0,0.0,0,0.0,0,0.0,0
BBAS3,2017-02-24,1,0,0,0.0201,4,0.0143,4,0.0243,6
BBAS3,2017-03-01,0,0,0,0.0,0,0.0,0,0.0,0
BBAS3,2017-03-02,1,0,0,0.0138,2,0.01,2,0.018,4
BBAS3,2017-03-03,1,0,0,0.012,6,0.0019,6,0.014,8
BBAS3,2017-03-06,0,0,0,0.0,0,0.0,0,0.0,0
BBAS3,2017-03-07,0,0,0,0.0,0,0.0,0,0.0,0
BBAS3,2017-03-08,0,0,0,0.0,0,0.0,0,0.0,0
BBAS3,2017-03-09,0,0,0,0.0,0,0.0,0,0.0,0
BBAS3,2017-03-10,1,0,0,0.0098,3,0.0059,3,0.0098,3
BBAS3,2017-03-13,0,0,0,0.0,0,0.0,0,0.0,0
BBAS3,2017-03-14,0,0,0,0.0,0,0.0,0,0.0,0
BBAS3,2017-03-15,0,0,0,0.0,0,0.0,0,0.0,0
BBAS3,2017-03-16,0,0,0,0.0,0,0.0,0,0.0,0
BBAS3,2017-03-17,0,0,0,0.0,0,0.0,0,0.0,0
BBAS3,2017-03-20,0,0,0,0.0,0,0.0,0,0.0,0
BBAS3,2017-03-21,0,0,0,0.0,0,0.0,0,0.0,0
BBAS3,2017-03-22,1,0,0,0.0144,2,0.0046,2,0.0279,7
BBAS3,2017-03-23,1,0,0,0.0179,6,0.0086,5,0.0179,6
BBAS3,2017-03-24,1,0,0,0.0167,5,0.0116,4,0.0167,5
BBAS3,2017-03-27,1,0,0,0.0147,3,0.0071,3,0.0183,4
BBAS3,2017-03-28,1,0,0,0.0146,3,0.0115,3,0.0146,3
BBAS3,2017-03-29,1,0,0,0.0158,2,0.0034,2,0.0158,2
BBAS3,2017-03-30,0,0,0,0.0,0,0.0,0,0.0,0
BBAS3,2017-03-31,0,0,0,0.0,0,0.0,0,0.0,0
BBAS3,2017-04-03,0,0,0,0.0,0,0.0,0,0.0,0
BBAS3,2017-04-04,0,0,0,0.0,0,0.0,0,0.0,0
BBAS3,2017-04-05,0,0,0,0.0,0,0.0,0,0.0,0
BBAS3,2017-04-06,0,0,0,0.0,0,0.0,0,0.0,0
BBAS3,2017-04-07,0,0,0,0.0,0,0.0,0,0.0,0
BBAS3,2017-04-10,0,0,0,0.0,0,0.0,0,0.0,0
BBAS3,2017-04-11,0,0,0,0.0,0,0.0,0,0.0,0
BBAS3,2017-04-12,0,0,0,0.0,0,0.0,0,0.0,0
BBAS3,2017-04-13,0,0,0,0.0,0,0.0,0,0.0,0
BBAS3,2017-04-17,1,0,0,0.0181,2,0.008,2,0.0474,18
BBAS3,2017-04-18,1,0,0,0.0236,9,0.0214,9,0.0385,17
BBAS3,2017-04-19,0,0,0,0.0,0,0.0,0,0.0,0
BBAS3,2017-04-20,1,0,0,0.0152,4,0.0145,4,0.0411,15
BBAS3,2017-04-24,1,0,0,0.0192,6,0.0161,6,0.0339,14
BBAS3,2017-04-25,1,0,0,0.0195,5,0.0088,4,0.0342,13
BBAS3,2017-04-26,1,0,0,0.0167,4,0.0076,4,0.0313,12
BBAS3,2017-04-27,1,0,0,0.0164,3,0.0072,3,0.031,11
BBAS3,2017-04-28,1,0,0,0.0151,2,0.0042,2,0.0296,10
BBAS3,2017-05-02,1,0,0,0.009,2,0.0071,2,0.009,2
BBAS3,2017-05-03,0,0,0,0.0,0,0.0,0,0.0,0
BBAS3,2017-05-04,0,0,0,0.0,0,0.0,0,0.0,0
BBAS3,2017-05-05,1,0,0,0.0291,6,0.0121,5,0.0291,6
BBAS3,2017-05-08,1,0,0,0.0219,4,0.0166,4,0.0274,5
BBAS3,2017-05-09,1,0,0,0.0261,3,0.005,2,0.0317,4
BBAS3,2017-05-10,1,0,0,0.0199,2,0.0023,2,0.0254,3
BBAS3,2017-05-11,0,0,0,0.0,0,0.0,0,0.0,0
BBAS3,2017-05-12,1,0,0,0.0074,2,0.0057,2,0.0074,2
BBAS3,2017-05-15,0,0,0,0.0,0,0.0,0,0.0,0
BBAS3,2017-05-16,0,0,0,0.0,0,0.0,0,0.0,0
BBAS3,2017-05-17,0,0,0,0.0,0,0.0,0,0.0,0
BBAS3,2017-05-18,0,1,0,0.0,0,0.0,0,0.0,0
BBAS3,2017-05-19,1,0,0,0.0977,87,0.0923,87,0.0977,87
BBAS3,2017-05-22,1,0,0,0.1115,86,0.0634,66,0.1115,86
BBAS3,2017-05-23,1,0,0,0.0179,2,0.0109,2,0.1161,85
BBAS3,2017-05-24,1,0,0,0.0187,5,0.0177,5,0.1048,84
BBAS3,2017-05-25,1,0,0,0.1042,83,0.0787,76,0.1042,83
BBAS3,2017-05-26,1,0,0,0.0142,2,0.004,2,0.1065,90
BBAS3,2017-05-30,0,1,0,0.0,0,0.0,0,0.0,0
BBAS3,2017-05-31,0,1,0,0.0,0,0.0,0,0.0,0
BBAS3,2017-06-01,1,0,0,0.1084,89,0.1071,89,0.1084,89
BBAS3,2017-06-02,1,0,0,0.1126,88,0.0986,86,0.1126,88
BBAS3,2017-06-05,1,0,0,0.1215,87,0.0807,73,0.1215,87
BBAS3,2017-06-06,1,0,0,0.0157,2,0.0049,2,0.1239,86
BBAS3,2017-06-07,0,1,0,0.0,0,0.0,0,0.0,0
BBAS3,2017-06-08,1,0,0,0.1118,84,0.1002,84,0.113,89
BBAS3,2017-06-09,1,0,0,0.1126,83,0.0986,81,0.1138,88
BBAS3,2017-06-12,1,0,0,0.1227,82,0.0783,64,0.1261,90
BBAS3,2017-06-13,1,0,0,0.1286,81,0.0663,60,0.132,89
BBAS3,2017-06-14,1,0,0,0.1249,80,0.0738,62,0.1283,88
BBAS3,2017-06-16,1,0,0,0.1105,69,0.0655,51,0.1324,87
BBAS3,2017-06-19,1,0,0,0.1233,78,0.0771,60,0.1267,86
BBAS3,2017-06-20,1,0,0,0.0601,36,0.0587,36,0.1358,85
BBAS3,2017-06-21,1,0,0,0.0422,18,0.0262,16,0.15,84
BBAS3,2017-06-22,1,0,0,0.0459,17,0.0165,8,0.15,75
BBAS3,2017-06-23,1,0,0,0.0431,16,0.0239,13,0.15,79
BBAS3,2017-06-26,1,0,0,0.0153,2,0.0033,2,0.15,73
BBAS3,2017-06-27,1,0,0,0.0348,14,0.0348,14,0.1434,86
BBAS3,2017-06-28,1,0,0,0.0338,11,0.0209,10,0.15,85
BBAS3,2017-06-29,1,0,0,0.0357,12,0.0156,9,0.1445,84
BBAS3,2017-06-30,1,0,0,0.0076,2,0.0041,2,0.1436,83
BBAS3,2017-07-03,1,0,0,0.0249,8,0.0059,3,0.1386,82
BBAS3,2017-07-04,1,0,0,0.0074,2,0.0032,2,0.1382,81
BBAS3,2017-07-05,1,0,0,0.0538,25,0.0382,22,0.1292,80
BBAS3,2017-07-06,1,0,0,0.0285,7,0.0257,7,0.1352,79
BBAS3,2017-07-07,1,0,0,0.0336,10,0.0292,10,0.1335,78
BBAS3,2017-07-10,1,0,0,0.0287,3,0.006,2,0.1436,77
BBAS3,2017-07-11,1,0,0,0.0256,2,0.0023,2,0.1395,76
BBAS3,2017-07-12,1,0,0,0.0203,7,0.0156,7,0.1166,75
BBAS3,2017-07-13,1,0,0,0.0066,2,0.0034,2,0.1069,74
BBAS3,2017-07-14,1,0,0,0.0098,5,0.005,5,0.1032,73
BBAS3,2017-07-17,1,0,0,0.0783,48,0.0341,28,0.0996,72
BBAS3,2017-07-18,1,0,0,0.0091,3,0.0071,3,0.1023,71
BBAS3,2017-07-19,1,0,0,0.0078,2,0.0058,2,0.1006,70
BBAS3,2017-07-20,1,0,0,0.0773,45,0.0365,34,0.0985,69
BBAS3,2017-07-21,1,0,0,0.0768,44,0.0377,33,0.0979,68
BBAS3,2017-07-24,1,0,0,0.0778,43,0.0353,25,0.099,67
BBAS3,2017-07-25,1,0,0,0.0797,42,0.0309,21,0.101,66
BBAS3,2017-07-26,1,0,0,0.076,41,0.0397,30,0.097,65
BBAS3,2017-07-27,1,0,0,0.0329,9,0.0235,8,0.1043,64
BBAS3,2017-07-28,1,0,0,0.0243,4,0.0051,3,0.1125,63
BBAS3,2017-07-31,1,0,0,0.0218,3,0.0038,2,0.1095,62
BBAS3,2017-08-01,1,0,0,0.02,2,0.0042,2,0.1073,61
BBAS3,2017-08-02,1,0,0,0.0182,2,0.005,2,0.1001,60
BBAS3,2017-08-03,1,0,0,0.016,4,0.0036,2,0.0841,59
BBAS3,2017-08-04,1,0,0,0.0127,3,0.0079,3,0.0801,58
BBAS3,2017-08-07,1,0,0,0.0103,2,0.0079,2,0.0772,57
BBAS3,2017-08-08,1,0,0,0.0527,32,0.0491,32,0.0725,56
BBAS3,2017-08-09,1,0,0,0.0568,31,0.039,27,0.0769,55
BBAS3,2017-08-10,1,0,0,0.0546,30,0.0443,29,0.0746,54
BBAS3,2017-08-11,1,0,0,0.0102,2,0.004,2,0.0806,53
BBAS3,2017-08-14,1,0,0,0.0075,2,0.0044,2,0.0788,52
BBAS3,2017-08-15,1,0,0,0.053,27,0.0484,27,0.0729,51
BBAS3,2017-08-16,1,0,0,0.0545,26,0.0447,25,0.0745,50
BBAS3,2017-08-17,1,0,0,0.0232,7,0.0228,7,0.0838,49
BBAS3,2017-08-18,1,0,0,0.0226,3,0.0165,3,0.0865,48
BBAS3,2017-08-21,1,0,0,0.0175,2,0.0048,2,0.0805,47
BBAS3,2017-08-22,1,0,0,0.0451,22,0.0428,22,0.0646,46
BBAS3,2017-08-23,1,0,0,0.0576,31,0.0508,31,0.0613,45
BBAS3,2017-08-24,1,0,0,0.0572,30,0.0519,30,0.0609,44
BBAS3,2017-08-25,1,0,0,0.0557,29,0.0555,29,0.0594,43
BBAS3,2017-08-28,1,0,0,0.0566,33,0.0558,33,0.0592,42
BBAS3,2017-08-29,1,0,0,0.0482,17,0.0351,15,0.0678,41
BBAS3,2017-08-30,1,0,0,0.048,16,0.0355,15,0.0677,40
BBAS3,2017-08-31,1,0,0,0.0302,7,0.0234,7,0.0727,39
BBAS3,2017-09-01,1,0,0,0.0273,54,0.0125,51,0.044,90
BBAS3,2017-09-04,1,0,0,0.0123,2,0.0076,2,0.0631,37
BBAS3,2017-09-05,1,0,0,0.0309,12,0.0302,12,0.0497,36
BBAS3,2017-09-06,1,0,0,0.0161,3,0.0045,2,0.057,35
BBAS3,2017-09-08,1,0,0,0.0132,3,0.0126,3,0.0514,34
BBAS3,2017-09-11,0,1,0,0.0,0,0.0,0,0.0,0
BBAS3,2017-09-12,1,0,0,0.0228,8,0.0227,8,0.0411,32
BBAS3,2017-09-13,1,0,0,0.0243,7,0.0184,7,0.0428,31
BBAS3,2017-09-14,1,0,0,0.0122,2,0.0058,2,0.0461,30
BBAS3,2017-09-15,1,0,0,0.0096,2,0.004,2,0.0415,29
BBAS3,2017-09-18,1,0,0,0.0186,4,0.0036,2,0.0367,28
BBAS3,2017-09-19,1,0,0,0.0277,13,0.0158,11,0.031,27
BBAS3,2017-09-20,1,0,0,0.0126,2,0.0101,2,0.0304,26
BBAS3,2017-09-21,0,0,0,0.0,0,0.0,0,0.0,0
BBAS3,2017-09-22,0,0,0,0.0,0,0.0,0,0.0,0
BBAS3,2017-09-25,0,0,0,0.0,0,0.0,0,0.0,0
BBAS3,2017-09-26,0,0,0,0.0,0,0.0,0,0.0,0
BBAS3,2017-09-27,1,0,0,0.0256,15,0.0249,15,0.0263,21
BBAS3,2017-09-28,1,0,0,0.025,6,0.017,6,0.0284,20
BBAS3,2017-09-29,1,0,0,0.0152,3,0.0077,3,0.029,19
BBAS3,2017-10-02,1,0,0,0.0154,2,0.007,2,0.0293,18
BBAS3,2017-10-03,0,1,0,0.0,0,0.0,0,0.0,0
BBAS3,2017-10-04,1,0,0,0.0114,2,0.0104,2,0.0146,16
BBAS3,2017-10-05,1,0,0,0.0119,9,0.0116,9,0.0119,9
BBAS3,2017-10-06,0,0,0,0.0,0,0.0,0,0.0,0
BBAS3,2017-10-09,0,0,0,0.0,0,0.0,0,0.0,0
BBAS3,2017-10-10,1,0,0,0.004,2,0.0029,2,0.0068,6
BBAS3,2017-10-11,1,0,0,0.004,2,0.0029,2,0.0057,5
BBAS3,2017-10-13,0,0,0,0.0,0,0.0,0,0.0,0
BBAS3,2017-10-16,0,0,0,0.0,0,0.0,0,0.0,0
BBAS3,2017-10-17,0,0,0,0.0,0,0.0,0,0.0,0
BBAS3,2017-10-18,0,0,0,0.0,0,0.0,0,0.0,0
BBAS3,2017-10-19,0,0,0,0.0,0,0.0,0,0.0,0
BBAS3,2017-10-20,0,0,0,0.0,0,0.0,0,0.0,0
BBAS3,2017-10-23,0,0,0,0.0,0,0.0,0,0.0,0
BBAS3,2017-10-24,1,0,0,0.0136,3,0.0123,3,0.0136,3
BBAS3,2017-10-25,1,0,0,0.0102,2,0.002,2,0.0102,2
BBAS3,2017-10-26,0,0,0,0.0,0,0.0,0,0.0,0
BBAS3,2017-10-27,0,0,0,0.0,0,0.0,0,0.0,0
BBAS3,2017-10-30,0,0,0,0.0,0,0.0,0,0.0,0
BBAS3,2017-10-31,0,0,0,0.0,0,0.0,0,0.0,0
BBAS3,2017-11-01,0,1,0,0.0,0,0.0,0,0.0,0
BBAS3,2017-11-03,0,1,0,0.0,0,0.0,0,0.0,0
BBAS3,2017-11-06,1,0,0,0.1156,80,0.1074,78,0.1156,80
BBAS3,2017-11-07,1,0,0,0.111,69,0.0902,68,0.1242,79
BBAS3,2017-11-08,1,0,0,0.0126,2,0.0072,2,0.1355,78
BBAS3,2017-11-09,1,0,0,0.106,67,0.1005,67,0.119,77
BBAS3,2017-11-10,1,0,0,0.1155,66,0.081,53,0.1288,76
BBAS3,2017-11-13,1,0,0,0.1313,65,0.0487,45,0.1451,75
BBAS3,2017-11-14,1,0,0,0.1313,64,0.0487,44,0.1451,74
BBAS3,2017-11-16,1,0,0,0.0209,2,0.0024,2,0.15,73
BBAS3,2017-11-17,1,0,0,0.0135,2,0.0042,2,0.1353,72
BBAS3,2017-11-21,1,0,0,0.1068,61,0.0989,61,0.1199,71
BBAS3,2017-11-22,1,0,0,0.1126,68,0.1064,68,0.1161,70
BBAS3,2017-11-23,1,0,0,0.1104,59,0.0915,58,0.1235,69
BBAS3,2017-11-24,1,0,0,0.1086,58,0.0952,58,0.1217,68
BBAS3,2017-11-27,1,0,0,0.112,57,0.0882,56,0.1252,67
BBAS3,2017-11-28,1,0,0,0.111,56,0.0902,55,0.1242,66
BBAS3,2017-11-29,1,0,0,0.1087,55,0.0949,55,0.1219,65
BBAS3,2017-11-30,1,0,0,0.0912,38,0.0476,32,0.1456,64
BBAS3,2017-12-01,1,0,0,0.0225,2,0.0112,2,0.15,61
BBAS3,2017-12-04,1,0,0,0.0925,36,0.0276,21,0.1471,62
BBAS3,2017-12-05,1,0,0,0.086,35,0.0424,29,0.1398,61
BBAS3,2017-12-06,1,0,0,0.0937,34,0.0249,18,0.1484,60
BBAS3,2017-12-07,1,0,0,0.0899,33,0.0336,25,0.1442,59
BBAS3,2017-12-08,1,0,0,0.086,32,0.0424,26,0.1398,58
BBAS3,2017-12-11,1,0,0,0.0878,31,0.0384,25,0.1418,57
BBAS3,2017-12-12,1,0,0,0.0153,2,0.0114,2,0.15,56
BBAS3,2017-12-13,1,0,0,0.0831,29,0.049,28,0.1365,55
BBAS3,2017-12-14,1,0,0,0.0997,28,0.0111,6,0.15,52
BBAS3,2017-12-15,1,0,0,0.0092,2,0.0039,2,0.15,51
BBAS3,2017-12-18,1,0,0,0.0914,26,0.0132,8,0.1458,52
BBAS3,2017-12-19,1,0,0,0.093,25,0.0093,5,0.1477,51
BBAS3,2017-12-20,1,0,0,0.0901,24,0.0135,6,0.1443,50
BBAS3,2017-12-21,1,0,0,0.0317,8,0.0105,4,0.1458,49
BBAS3,2017-12-22,1,0,0,0.0303,7,0.0023,2,0.144,48
BBAS3,2017-12-26,0,1,0,0.0,0,0.0,0,0.0,0
BBAS3,2017-12-27,0,1,0,0.0,0,0.0,0,0.0,0
BBAS3,2017-12-28,1,0,0,0.0181,4,0.0119,3,0.128,45
BBAS3,2018-01-02,0,1,0,0.0,0,0.0,0,0.0,0
BBAS3,2018-01-03,1,0,0,0.0644,17,0.0087,7,0.1154,43
BBAS3,2018-01-04,1,0,0,0.0594,16,0.0211,12,0.1098,42
BBAS3,2018-01-05,1,0,0,0.0573,15,0.0264,14,0.1074,41
BBAS3,2018-01-08,1,0,0,0.058,14,0.0246,13,0.1082,40
BBAS3,2018-01-09,1,0,0,0.0586,13,0.0232,12,0.1088,39
BBAS3,2018-01-10,1,0,0,0.0633,12,0.0116,4,0.1141,38
BBAS3,2018-01-11,1,0,0,0.0606,11,0.0022,2,0.1111,37
BBAS3,2018-01-12,1,0,0,0.0578,10,0.0014,2,0.1079,36
BBAS3,2018-01-15,1,0,0,0.0084,82,0.0053,82,0.0084,82
BBAS3,2018-01-16,1,0,0,0.0486,8,0.0042,2,0.0976,34
BBAS3,2018-01-17,1,0,0,0.047,7,0.0045,2,0.0958,33
BBAS3,2018-01-18,1,0,0,0.0368,6,0.0297,6,0.0842,32
BBAS3,2018-01-19,1,0,0,0.0395,5,0.0224,4,0.0874,31
BBAS3,2018-01-22,1,0,0,0.0429,4,0.0137,3,0.0911,30
BBAS3,2018-01-23,1,0,0,0.0287,2,0.0079,2,0.0914,29
BBAS3,2018-01-24,1,0,0,0.0375,2,0.0017,2,0.0851,28
BBAS3,2018-01-26,1,0,0,0.0148,4,0.0063,2,0.0536,27
BBAS3,2018-01-29,1,0,0,0.0454,24,0.0426,24,0.0484,26
BBAS3,2018-01-30,1,0,0,0.0141,2,0.0044,2,0.0528,25
BBAS3,2018-01-31,0,0,0,0.0,0,0.0,0,0.0,0
BBAS3,2018-02-01,0,0,0,0.0,0,0.0,0,0.0,0
BBAS3,2018-02-02,0,0,0,0.0,0,0.0,0,0.0,0
BBAS3,2018-02-05,1,0,0,0.0465,19,0.0399,19,0.0495,21
BBAS3,2018-02-06,1,0,0,0.0261,2,0.0089,2,0.0612,20
BBAS3,2018-02-07,0,0,0,0.0,0,0.0,0,0.0,0
BBAS3,2018-02-08,0,0,0,0.0,0,0.0,0,0.0,0
BBAS3,2018-02-09,1,0,0,0.0398,7,0.0363,7,0.0509,17
BBAS3,2018-02-15,1,0,0,0.0273,6,0.0219,6,0.038,16
BBAS3,2018-02-16,1,0,0,0.0261,5,0.0251,5,0.0368,15
BBAS3,2018-02-19,1,0,0,0.0333,12,0.0266,12,0.0362,14
BBAS3,2018-02-20,1,0,0,0.0343,3,0.0031,2,0.0452,13
BBAS3,2018-02-21,0,0,0,0.0,0,0.0,0,0.0,0
BBAS3,2018-02-22,0,0,0,0.0,0,0.0,0,0.0,0
BBAS3,2018-02-23,0,0,0,0.0,0,0.0,0,0.0,0
BBAS3,2018-02-26,0,0,0,0.0,0,0.0,0,0.0,0
BBAS3,2018-02-27,0,0,0,0.0,0,0.0,0,0.0,0
BBAS3,2018-02-28,0,0,0,0.0,0,0.0,0,0.0,0
BBAS3,2018-03-01,1,0,0,0.0194,4,0.008,3,0.0222,6
BBAS3,2018-03-02,1,0,0,0.0192,3,0.0086,2,0.022,5
BBAS3,2018-03-05,1,0,0,0.0135,2,0.0079,2,0.0162,4
BBAS3,2018-03-06,1,0,0,0.0117,3,0.0045,3,0.0117,3
BBAS3,2018-03-07,0,0,0,0.0,0,0.0,0,0.0,0
BBAS3,2018-03-08,0,0,0,0.0,0,0.0,0,0.0,0
BBAS3,2018-03-09,0,0,0,0.0,0,0.0,0,0.0,0
BBAS3,2018-03-12,0,0,0,0.0,0,0.0,0,0.0,0
BBAS3,2018-03-13,0,0,0,0.0,0,0.0,0,0.0,0
BBAS3,2018-03-14,0,0,0,0.0,0,0.0,0,0.0,0
BBAS3,2018-03-15,0,0,0,0.0,0,0.0,0,0.0,0
BBAS3,2018-03-16,0,0,0,0.0,0,0.0,0,0.0,0
BBAS3,2018-03-19,0,0,0,0.0,0,0.0,0,0.0,0
BBAS3,2018-03-20,0,0,0,0.0,0,0.0,0,0.0,0
BBAS3,2018-03-21,0,0,0,0.0,0,0.0,0,0.0,0
BBAS3,2018-03-22,0,0,0,0.0,0,0.0,0,0.0,0
BBAS3,2018-03-23,0,0,0,0.0,0,0.0,0,0.0,0
BBAS3,2018-03-26,0,0,0,0.0,0,0.0,0,0.0,0
BBAS3,2018-03-27,0,0,0,0.0,0,0.0,0,0.0,0
BBAS3,2018-03-28,1,0,0,0.0116,2,0.0092,2,0.0116,2
BBAS3,2018-03-29,0,0,0,0.0,0,0.0,0,0.0,0
BBAS3,2018-04-02,0,0,0,0.0,0,0.0,0,0.0,0
BBAS3,2018-04-03,0,0,0,0.0,0,0.0,0,0.0,0
BBAS3,2018-04-04,1,0,0,0.0252,2,0.0025,2,0.0252,2
BBAS3,2018-04-05,0,0,0,0.0,0,0.0,0,0.0,0
BBAS3,2018-04-06,0,0,0,0.0,0,0.0,0,0.0,0
BBAS3,2018-04-09,0,0,0,0.0,0,0.0,0,0.0,0
BBAS3,2018-04-10,0,0,0,0.0,0,0.0,0,0.0,0
BBAS3,2018-04-11,0,0,0,0.0,0,0.0,0,0.0,0
BBAS3,2018-04-12,0,0,0,0.0,0,0.0,0,0.0,0
BBAS3,2018-04-13,0,0,0,0.0,0,0.0,0,0.0,0
BBAS3,2018-04-16,0,0,0,0.0,0,0.0,0,0.0,0
BBAS3,2018-04-17,1,0,0,0.0166,2,0.0049,2,0.0166,2
BBAS3,2018-04-18,0,0,0,0.0,0,0.0,0,0.0,0
BBAS3,2018-04-19,0,0,0,0.0,0,0.0,0,0.0,0
BBAS3,2018-04-20,0,0,0,0.0,0,0.0,0,0.0,0
BBAS3,2018-04-23,0,0,0,0.0,0,0.0,0,0.0,0
BBAS3,2018-04-24,0,0,0,0.0,0,0.0,0,0.0,0
BBAS3,2018-04-25,1,0,0,0.0139,3,0.0118,3,0.0139,3
BBAS3,2018-04-26,0,0,0,0.0,0,0.0,0,0.0,0
BBAS3,2018-04-27,0,0,0,0.0,0,0.0,0,0.0,0
BBAS3,2018-04-30,0,0,0,0.0,0,0.0,0,0.0,0
BBAS3,2018-05-02,0,0,0,0.0,0,0.0,0,0.0,0
BBAS3,2018-05-03,0,0,0,0.0,0,0.0,0,0.0,0
BBAS3,2018-05-04,1,0,0,0.0223,4,0.0109,3,0.0223,4
BBAS3,2018-05-07,1,0,0,0.0205,3,0.0085,2,0.0205,3
BBAS3,2018-05-08,1,0,0,0.0209,2,0.0041,2,0.0209,2
BBAS3,2018-05-09,0,0,0,0.0,0,0.0,0,0.0,0
BBAS3,2018-05-10,0,0,0,0.0,0,0.0,0,0.0,0
BBAS3,2018-05-11,0,0,0,0.0,0,0.0,0,0.0,0
BBAS3,2018-05-14,0,0,0,0.0,0,0.0,0,0.0,0
BBAS3,2018-05-15,0,0,0,0.0,0,0.0,0,0.0,0
BBAS3,2018-05-16,0,0,0,0.0,0,0.0,0,0.0,0
BBAS3,2018-05-17,0,0,0,0.0,0,0.0,0,0.0,0
BBAS3,2018-05-18,0,0,0,0.0,0,0.0,0,0.0,0
BBAS3,2018-05-21,0,0,0,0.0,0,0.0,0,0.0,0
BBAS3,2018-05-22,0,0,0,0.0,0,0.0,0,0.0,0
BBAS3,2018-05-23,0,0,0,0.0,0,0.0,0,0.0,0
BBAS3,2018-05-24,0,0,0,0.0,0,0.0,0,0.0,0
BBAS3,2018-05-25,0,0,0,0.0,0,0.0,0,0.0,0
BBAS3,2018-05-28,0,0,0,0.0,0,0.0,0,0.0,0
BBAS3,2018-05-29,1,0,0,0.0312,3,0.0277,3,0.0325,4
BBAS3,2018-05-30,1,0,0,0.0319,2,0.0004,2,0.0333,3
BBAS3,2018-06-01,0,0,0,0.0,0,0.0,0,0.0,0
BBAS3,2018-06-04,0,0,0,0.0,0,0.0,0,0.0,0
BBAS3,2018-06-05,0,0,0,0.0,0,0.0,0,0.0,0
BBAS3,2018-06-06,0,0,0,0.0,0,0.0,0,0.0,0
BBAS3,2018-06-07,0,0,1,0.0,0,0.0,0,0.0,0
BBAS3,2018-06-08,0,0,1,0.0,0,0.0,0,0.0,0
BBAS3,2018-06-11,0,0,1,0.0,0,0.0,0,0.0,0
BBAS3,2018-06-12,0,0,1,0.0,0,0.0,0,0.0,0
BBAS3,2018-06-13,0,0,1,0.0,0,0.0,0,0.0,0
BBAS3,2018-06-14,0,0,1,0.0,0,0.0,0,0.0,0
BBAS3,2018-06-15,1,0,1,0.0474,11,0.0457,11,0.0474,11
BBAS3,2018-06-18,1,0,1,0.0303,3,0.0257,3,0.0554,10
BBAS3,2018-06-19,1,0,1,0.0381,2,0.0049,2,0.0637,9
BBAS3,2018-06-20,0,0,1,0.0,0,0.0,0,0.0,0
BBAS3,2018-06-21,0,0,1,0.0,0,0.0,0,0.0,0
BBAS3,2018-06-22,1,0,1,0.0233,4,0.0166,4,0.0326,6
BBAS3,2018-06-25,1,0,1,0.023,3,0.0143,2,0.0322,5
BBAS3,2018-06-26,1,0,1,0.0227,4,0.0196,4,0.0227,4
BBAS3,2018-06-27,0,0,1,0.0,0,0.0,0,0.0,0
BBAS3,2018-06-28,0,0,1,0.0,0,0.0,0,0.0,0
BBAS3,2018-06-29,0,0,1,0.0,0,0.0,0,0.0,0
